name,iterations,real_time,cpu_time,time_unit,bytes_per_second,items_per_second,label,error_occurred,error_message
"Alp_Int64_Rapid_Linear/Insert/8",4653762,149.308,148.414,ns,,5.39031e+07,,,
"Alp_Int64_Rapid_Linear/Insert/64",291334,2440.72,2423.97,ns,,2.6403e+07,,,
"Alp_Int64_Rapid_Linear/Insert/512",34075,20820.1,20695,ns,,2.47402e+07,,,
"Alp_Int64_Rapid_Linear/Insert/4096",3949,177760,176631,ns,,2.31895e+07,,,
"Alp_Int64_Rapid_Linear/Insert/32768",362,1.95721e+06,1.93976e+06,ns,,1.68928e+07,,,
"Alp_Int64_Rapid_Linear/Insert/262144",42,1.7116e+07,1.69772e+07,ns,,1.54409e+07,,,
"Alp_Int64_Rapid_Linear/Insert/2097152",4,1.70374e+08,1.69039e+08,ns,,1.24063e+07,,,
"Alp_Int64_Rapid_Linear/Insert/4194304",2,3.80175e+08,3.77364e+08,ns,,1.11148e+07,,,
"Alp_Int64_Rapid_Linear/LookupHit/8",6654546,106.095,105.488,ns,,7.58378e+07,,,
"Alp_Int64_Rapid_Linear/LookupHit/64",822532,854.844,849.947,ns,,7.52988e+07,,,
"Alp_Int64_Rapid_Linear/LookupHit/512",101515,6963.41,6920.93,ns,,7.39785e+07,,,
"Alp_Int64_Rapid_Linear/LookupHit/4096",12601,56407.9,56050.4,ns,,7.3077e+07,,,
"Alp_Int64_Rapid_Linear/LookupHit/32768",1498,467801,464467,ns,,7.05496e+07,,,
"Alp_Int64_Rapid_Linear/LookupHit/262144",143,4.92562e+06,4.89005e+06,ns,,5.36076e+07,,,
"Alp_Int64_Rapid_Linear/LookupHit/2097152",5,1.25492e+08,1.24584e+08,ns,,1.68332e+07,,,
"Alp_Int64_Rapid_Linear/LookupHit/4194304",2,3.28412e+08,3.26025e+08,ns,,1.2865e+07,,,
"Alp_Int64_Rapid_Linear/LookupMiss/8",6019685,120.045,119.276,ns,,6.70716e+07,,,
"Alp_Int64_Rapid_Linear/LookupMiss/64",747691,942.417,937.168,ns,,6.82908e+07,,,
"Alp_Int64_Rapid_Linear/LookupMiss/512",92694,7586.53,7543.07,ns,,6.78769e+07,,,
"Alp_Int64_Rapid_Linear/LookupMiss/4096",11313,62532.7,62149.8,ns,,6.59053e+07,,,
"Alp_Int64_Rapid_Linear/LookupMiss/32768",1395,506329,502672,ns,,6.51877e+07,,,
"Alp_Int64_Rapid_Linear/LookupMiss/262144",167,4.2089e+06,4.17677e+06,ns,,6.27623e+07,,,
"Alp_Int64_Rapid_Linear/LookupMiss/2097152",16,4.41284e+07,4.3804e+07,ns,,4.78758e+07,,,
"Alp_Int64_Rapid_Linear/LookupMiss/4194304",7,1.02477e+08,1.0169e+08,ns,,4.12461e+07,,,
"Alp_Int64_Rapid_Linear/Erase/8",1000415,707.711,702.42,ns,,1.13892e+07,,,
"Alp_Int64_Rapid_Linear/Erase/64",415443,1696.52,1687.01,ns,,3.79369e+07,,,
"Alp_Int64_Rapid_Linear/Erase/512",74128,9543.36,9488.99,ns,,5.39572e+07,,,
"Alp_Int64_Rapid_Linear/Erase/4096",9791,73200.2,72758,ns,,5.62962e+07,,,
"Alp_Int64_Rapid_Linear/Erase/32768",1223,577616,573318,ns,,5.71551e+07,,,
"Alp_Int64_Rapid_Linear/Erase/262144",126,5.58786e+06,5.54818e+06,ns,,4.72486e+07,,,
"Alp_Int64_Rapid_Linear/Erase/2097152",5,1.40748e+08,1.39716e+08,ns,,1.50102e+07,,,
"Alp_Int64_Rapid_Linear/Erase/4194304",2,3.78045e+08,3.75244e+08,ns,,1.11776e+07,,,
"Alp_Int64_Rapid_Linear/Iterate/8",33294618,21.1944,21.068,ns,,3.79722e+08,,,
"Alp_Int64_Rapid_Linear/Iterate/64",4833440,145.279,144.412,ns,,4.43177e+08,,,
"Alp_Int64_Rapid_Linear/Iterate/512",601933,1170.74,1163.39,ns,,4.40092e+08,,,
"Alp_Int64_Rapid_Linear/Iterate/4096",75618,9320.19,9268.88,ns,,4.41909e+08,,,
"Alp_Int64_Rapid_Linear/Iterate/32768",7659,91618.7,90984,ns,,3.60151e+08,,,
"Alp_Int64_Rapid_Linear/Iterate/262144",718,991580,984462,ns,,2.66281e+08,,,
"Alp_Int64_Rapid_Linear/Iterate/2097152",89,8.07863e+06,8.01848e+06,ns,,2.6154e+08,,,
"Alp_Int64_Rapid_Linear/Iterate/4194304",44,1.59811e+07,1.58647e+07,ns,,2.64379e+08,,,
"Alp_Int64_Rapid_Quadratic/Insert/8",4741448,148.184,147.32,ns,,5.43037e+07,,,
"Alp_Int64_Rapid_Quadratic/Insert/64",293934,2398.55,2384.25,ns,,2.68428e+07,,,
"Alp_Int64_Rapid_Quadratic/Insert/512",34436,20531.2,20400.4,ns,,2.50975e+07,,,
"Alp_Int64_Rapid_Quadratic/Insert/4096",4137,172499,171394,ns,,2.38981e+07,,,
"Alp_Int64_Rapid_Quadratic/Insert/32768",475,1.42431e+06,1.41447e+06,ns,,2.31662e+07,,,
"Alp_Int64_Rapid_Quadratic/Insert/262144",58,1.21464e+07,1.20528e+07,ns,,2.17496e+07,,,
"Alp_Int64_Rapid_Quadratic/Insert/2097152",4,1.6712e+08,1.65862e+08,ns,,1.2644e+07,,,
"Alp_Int64_Rapid_Quadratic/Insert/4194304",2,3.7432e+08,3.71419e+08,ns,,1.12926e+07,,,
"Alp_Int64_Rapid_Quadratic/LookupHit/8",6641438,105.909,105.335,ns,,7.59484e+07,,,
"Alp_Int64_Rapid_Quadratic/LookupHit/64",825163,862.911,857.821,ns,,7.46076e+07,,,
"Alp_Int64_Rapid_Quadratic/LookupHit/512",101231,6942.51,6902.16,ns,,7.41796e+07,,,
"Alp_Int64_Rapid_Quadratic/LookupHit/4096",12612,56203.1,55868.8,ns,,7.33146e+07,,,
"Alp_Int64_Rapid_Quadratic/LookupHit/32768",1516,465763,462660,ns,,7.08252e+07,,,
"Alp_Int64_Rapid_Quadratic/LookupHit/262144",145,4.86404e+06,4.82824e+06,ns,,5.42939e+07,,,
"Alp_Int64_Rapid_Quadratic/LookupHit/2097152",5,1.24983e+08,1.24106e+08,ns,,1.68981e+07,,,
"Alp_Int64_Rapid_Quadratic/LookupHit/4194304",2,3.2365e+08,3.21384e+08,ns,,1.30507e+07,,,
"Alp_Int64_Rapid_Quadratic/LookupMiss/8",6073252,116.812,116.132,ns,,6.8887e+07,,,
"Alp_Int64_Rapid_Quadratic/LookupMiss/64",736187,953.693,947.99,ns,,6.75113e+07,,,
"Alp_Int64_Rapid_Quadratic/LookupMiss/512",93010,7572.67,7531.56,ns,,6.79806e+07,,,
"Alp_Int64_Rapid_Quadratic/LookupMiss/4096",11297,62414.5,62052.4,ns,,6.60088e+07,,,
"Alp_Int64_Rapid_Quadratic/LookupMiss/32768",1403,503938,500517,ns,,6.54683e+07,,,
"Alp_Int64_Rapid_Quadratic/LookupMiss/262144",166,4.27225e+06,4.24096e+06,ns,,6.18123e+07,,,
"Alp_Int64_Rapid_Quadratic/LookupMiss/2097152",15,4.4499e+07,4.41735e+07,ns,,4.74753e+07,,,
"Alp_Int64_Rapid_Quadratic/LookupMiss/4194304",7,1.01141e+08,1.00422e+08,ns,,4.17669e+07,,,
"Alp_Int64_Rapid_Quadratic/Erase/8",1003813,702.919,698.054,ns,,1.14604e+07,,,
"Alp_Int64_Rapid_Quadratic/Erase/64",418337,1689.53,1679.75,ns,,3.81008e+07,,,
"Alp_Int64_Rapid_Quadratic/Erase/512",74521,9499.2,9440.7,ns,,5.42333e+07,,,
"Alp_Int64_Rapid_Quadratic/Erase/4096",9778,72020,71602.9,ns,,5.72044e+07,,,
"Alp_Int64_Rapid_Quadratic/Erase/32768",1220,578339,574081,ns,,5.70791e+07,,,
"Alp_Int64_Rapid_Quadratic/Erase/262144",126,5.57556e+06,5.53618e+06,ns,,4.73511e+07,,,
"Alp_Int64_Rapid_Quadratic/Erase/2097152",5,1.44644e+08,1.43611e+08,ns,,1.4603e+07,,,
"Alp_Int64_Rapid_Quadratic/Erase/4194304",2,3.83888e+08,3.81213e+08,ns,,1.10025e+07,,,
"Alp_Int64_Rapid_Quadratic/Iterate/8",33302127,21.1417,21.024,ns,,3.80518e+08,,,
"Alp_Int64_Rapid_Quadratic/Iterate/64",4903144,144.508,143.625,ns,,4.45604e+08,,,
"Alp_Int64_Rapid_Quadratic/Iterate/512",549989,1169.36,1162.19,ns,,4.40548e+08,,,
"Alp_Int64_Rapid_Quadratic/Iterate/4096",75108,9381.28,9325.77,ns,,4.39213e+08,,,
"Alp_Int64_Rapid_Quadratic/Iterate/32768",7689,87740.7,87138.9,ns,,3.76043e+08,,,
"Alp_Int64_Rapid_Quadratic/Iterate/262144",719,980766,973758,ns,,2.69208e+08,,,
"Alp_Int64_Rapid_Quadratic/Iterate/2097152",89,7.91762e+06,7.85798e+06,ns,,2.66882e+08,,,
"Alp_Int64_Rapid_Quadratic/Iterate/4194304",45,1.584e+07,1.57244e+07,ns,,2.66738e+08,,,
"Alp_String_Rapid_Linear/Insert/8",2292307,307.175,305.146,ns,,2.62169e+07,,,
"Alp_String_Rapid_Linear/Insert/64",127096,5482.34,5447.21,ns,,1.17491e+07,,,
"Alp_String_Rapid_Linear/Insert/512",14888,45663.3,45371.4,ns,,1.12846e+07,,,
"Alp_String_Rapid_Linear/Insert/4096",1775,399862,397050,ns,,1.03161e+07,,,
"Alp_String_Rapid_Linear/Insert/32768",168,4.35109e+06,4.31921e+06,ns,,7.58658e+06,,,
"Alp_String_Rapid_Linear/Insert/262144",9,5.99695e+07,5.95303e+07,ns,,4.40354e+06,,,
"Alp_String_Rapid_Linear/Insert/2097152",1,9.75668e+08,9.68146e+08,ns,,2.16615e+06,,,
"Alp_String_Rapid_Linear/Insert/4194304",1,2.20419e+09,2.1879e+09,ns,,1.91705e+06,,,
"Alp_String_Rapid_Linear/LookupHit/8",4266483,166.139,165.125,ns,,4.84483e+07,,,
"Alp_String_Rapid_Linear/LookupHit/64",515584,1365.1,1357.25,ns,,4.71542e+07,,,
"Alp_String_Rapid_Linear/LookupHit/512",65846,10707.1,10643.4,ns,,4.81047e+07,,,
"Alp_String_Rapid_Linear/LookupHit/4096",7918,89140.2,88527.8,ns,,4.62679e+07,,,
"Alp_String_Rapid_Linear/LookupHit/32768",851,850638,844522,ns,,3.88006e+07,,,
"Alp_String_Rapid_Linear/LookupHit/262144",53,1.43963e+07,1.42894e+07,ns,,1.83453e+07,,,
"Alp_String_Rapid_Linear/LookupHit/2097152",3,2.13736e+08,2.12172e+08,ns,,9.88419e+06,,,
"Alp_String_Rapid_Linear/LookupHit/4194304",1,5.05863e+08,5.02035e+08,ns,,8.3546e+06,,,
"Alp_String_Rapid_Linear/LookupMiss/8",4622976,152.7,151.821,ns,,5.26936e+07,,,
"Alp_String_Rapid_Linear/LookupMiss/64",562872,1250.19,1243.06,ns,,5.1486e+07,,,
"Alp_String_Rapid_Linear/LookupMiss/512",69322,10191.4,10127.1,ns,,5.05573e+07,,,
"Alp_String_Rapid_Linear/LookupMiss/4096",8443,83872.6,83261.6,ns,,4.91944e+07,,,
"Alp_String_Rapid_Linear/LookupMiss/32768",972,705954,700429,ns,,4.67828e+07,,,
"Alp_String_Rapid_Linear/LookupMiss/262144",96,7.02964e+06,6.98008e+06,ns,,3.7556e+07,,,
"Alp_String_Rapid_Linear/LookupMiss/2097152",8,8.41428e+07,8.35366e+07,ns,,2.51046e+07,,,
"Alp_String_Rapid_Linear/LookupMiss/4194304",4,1.8686e+08,1.85504e+08,ns,,2.26104e+07,,,
"Alp_String_Rapid_Linear/Erase/8",849627,828.971,818.733,ns,,9.7712e+06,,,
"Alp_String_Rapid_Linear/Erase/64",259961,2708.1,2682.7,ns,,2.38565e+07,,,
"Alp_String_Rapid_Linear/Erase/512",40725,17434.4,17319.3,ns,,2.95623e+07,,,
"Alp_String_Rapid_Linear/Erase/4096",4680,147304,145977,ns,,2.80592e+07,,,
"Alp_String_Rapid_Linear/Erase/32768",544,1.3885e+06,1.37755e+06,ns,,2.37871e+07,,,
"Alp_String_Rapid_Linear/Erase/262144",34,2.36257e+07,2.34428e+07,ns,,1.11823e+07,,,
"Alp_String_Rapid_Linear/Erase/2097152",2,3.5602e+08,3.53255e+08,ns,,5.93665e+06,,,
"Alp_String_Rapid_Linear/Erase/4194304",1,6.9853e+08,6.92927e+08,ns,,6.05302e+06,,,
"Alp_String_Rapid_Linear/Iterate/8",34476257,20.4861,20.3644,ns,,3.92843e+08,,,
"Alp_String_Rapid_Linear/Iterate/64",4960799,143.109,142.169,ns,,4.50167e+08,,,
"Alp_String_Rapid_Linear/Iterate/512",612708,1174.79,1167.36,ns,,4.38598e+08,,,
"Alp_String_Rapid_Linear/Iterate/4096",73520,9406.91,9345.7,ns,,4.38276e+08,,,
"Alp_String_Rapid_Linear/Iterate/32768",7990,86652.6,86134,ns,,3.80431e+08,,,
"Alp_String_Rapid_Linear/Iterate/262144",739,957955,951418,ns,,2.7553e+08,,,
"Alp_String_Rapid_Linear/Iterate/2097152",91,7.81062e+06,7.75461e+06,ns,,2.70439e+08,,,
"Alp_String_Rapid_Linear/Iterate/4194304",45,1.57479e+07,1.56321e+07,ns,,2.68314e+08,,,
"Alp_String_Rapid_Quadratic/Insert/8",2174424,313.128,311.072,ns,,2.57175e+07,,,
"Alp_String_Rapid_Quadratic/Insert/64",127381,5642.11,5605.69,ns,,1.1417e+07,,,
"Alp_String_Rapid_Quadratic/Insert/512",13955,50538.4,50184.9,ns,,1.02023e+07,,,
"Alp_String_Rapid_Quadratic/Insert/4096",1669,439037,435658,ns,,9.40186e+06,,,
"Alp_String_Rapid_Quadratic/Insert/32768",163,4.43513e+06,4.40015e+06,ns,,7.44702e+06,,,
"Alp_String_Rapid_Quadratic/Insert/262144",12,6.25312e+07,6.20713e+07,ns,,4.22327e+06,,,
"Alp_String_Rapid_Quadratic/Insert/2097152",1,1.01156e+09,1.00407e+09,ns,,2.08865e+06,,,
"Alp_String_Rapid_Quadratic/Insert/4194304",1,2.21985e+09,2.20318e+09,ns,,1.90375e+06,,,
"Alp_String_Rapid_Quadratic/LookupHit/8",4248376,166.211,165.19,ns,,4.84289e+07,,,
"Alp_String_Rapid_Quadratic/LookupHit/64",515569,1368.02,1359.33,ns,,4.7082e+07,,,
"Alp_String_Rapid_Quadratic/LookupHit/512",65564,10748.7,10684,ns,,4.79222e+07,,,
"Alp_String_Rapid_Quadratic/LookupHit/4096",7849,91164.7,90514.3,ns,,4.52525e+07,,,
"Alp_String_Rapid_Quadratic/LookupHit/32768",829,847413,841016,ns,,3.89624e+07,,,
"Alp_String_Rapid_Quadratic/LookupHit/262144",48,1.55959e+07,1.54796e+07,ns,,1.69348e+07,,,
"Alp_String_Rapid_Quadratic/LookupHit/2097152",3,2.14979e+08,2.13417e+08,ns,,9.82654e+06,,,
"Alp_String_Rapid_Quadratic/LookupHit/4194304",1,5.22281e+08,5.1783e+08,ns,,8.09977e+06,,,
"Alp_String_Rapid_Quadratic/LookupMiss/8",4668051,150.816,149.884,ns,,5.33746e+07,,,
"Alp_String_Rapid_Quadratic/LookupMiss/64",571713,1247.84,1240.01,ns,,5.16124e+07,,,
"Alp_String_Rapid_Quadratic/LookupMiss/512",70234,10025.6,9966.4,ns,,5.13726e+07,,,
"Alp_String_Rapid_Quadratic/LookupMiss/4096",8556,83675.7,83068.2,ns,,4.93089e+07,,,
"Alp_String_Rapid_Quadratic/LookupMiss/32768",1025,690788,686001,ns,,4.77667e+07,,,
"Alp_String_Rapid_Quadratic/LookupMiss/262144",90,6.96874e+06,6.91892e+06,ns,,3.7888e+07,,,
"Alp_String_Rapid_Quadratic/LookupMiss/2097152",9,8.19296e+07,8.13472e+07,ns,,2.57803e+07,,,
"Alp_String_Rapid_Quadratic/LookupMiss/4194304",4,1.98137e+08,1.96684e+08,ns,,2.13251e+07,,,
"Alp_String_Rapid_Quadratic/Erase/8",854991,829.249,826.437,ns,,9.68011e+06,,,
"Alp_String_Rapid_Quadratic/Erase/64",261190,2688.93,2676.61,ns,,2.39108e+07,,,
"Alp_String_Rapid_Quadratic/Erase/512",40999,17357,17244.7,ns,,2.96902e+07,,,
"Alp_String_Rapid_Quadratic/Erase/4096",4869,145446,144493,ns,,2.83473e+07,,,
"Alp_String_Rapid_Quadratic/Erase/32768",557,1.3832e+06,1.37274e+06,ns,,2.38705e+07,,,
"Alp_String_Rapid_Quadratic/Erase/262144",34,2.27489e+07,2.2574e+07,ns,,1.16126e+07,,,
"Alp_String_Rapid_Quadratic/Erase/2097152",2,3.34972e+08,3.32512e+08,ns,,6.30699e+06,,,
"Alp_String_Rapid_Quadratic/Erase/4194304",1,7.13049e+08,7.07827e+08,ns,,5.92561e+06,,,
"Alp_String_Rapid_Quadratic/Iterate/8",37415691,18.7547,18.637,ns,,4.29253e+08,,,
"Alp_String_Rapid_Quadratic/Iterate/64",5477843,130.278,129.461,ns,,4.94356e+08,,,
"Alp_String_Rapid_Quadratic/Iterate/512",674138,1038.64,1032.36,ns,,4.95953e+08,,,
"Alp_String_Rapid_Quadratic/Iterate/4096",84440,8366.05,8316.81,ns,,4.92496e+08,,,
"Alp_String_Rapid_Quadratic/Iterate/32768",8495,80385.6,79836.3,ns,,4.1044e+08,,,
"Alp_String_Rapid_Quadratic/Iterate/262144",759,929441,923409,ns,,2.83887e+08,,,
"Alp_String_Rapid_Quadratic/Iterate/2097152",93,7.51575e+06,7.46363e+06,ns,,2.80983e+08,,,
"Alp_String_Rapid_Quadratic/Iterate/4194304",47,1.51854e+07,1.50717e+07,ns,,2.78289e+08,,,
"Alp_Int64_StdHash_Linear/Insert/8",4791521,147.483,146.47,ns,,5.46187e+07,,,
"Alp_Int64_StdHash_Linear/Insert/64",295230,2399.4,2383.43,ns,,2.68521e+07,,,
"Alp_Int64_StdHash_Linear/Insert/512",34467,20452.1,20319.9,ns,,2.5197e+07,,,
"Alp_Int64_StdHash_Linear/Insert/4096",4044,173496,172253,ns,,2.3779e+07,,,
"Alp_Int64_StdHash_Linear/Insert/32768",478,1.48208e+06,1.47097e+06,ns,,2.22765e+07,,,
"Alp_Int64_StdHash_Linear/Insert/262144",57,1.24362e+07,1.23458e+07,ns,,2.12334e+07,,,
"Alp_Int64_StdHash_Linear/Insert/2097152",5,1.31913e+08,1.30858e+08,ns,,1.60262e+07,,,
"Alp_Int64_StdHash_Linear/Insert/4194304",2,3.1686e+08,3.14529e+08,ns,,1.33352e+07,,,
"Alp_Int64_StdHash_Linear/LookupHit/8",6337555,111.226,110.533,ns,,7.23768e+07,,,
"Alp_Int64_StdHash_Linear/LookupHit/64",771421,911.209,906.035,ns,,7.06375e+07,,,
"Alp_Int64_StdHash_Linear/LookupHit/512",96746,7306.34,7258.49,ns,,7.05381e+07,,,
"Alp_Int64_StdHash_Linear/LookupHit/4096",11906,58886.9,58529.9,ns,,6.99814e+07,,,
"Alp_Int64_StdHash_Linear/LookupHit/32768",1443,488033,484410,ns,,6.76452e+07,,,
"Alp_Int64_StdHash_Linear/LookupHit/262144",144,4.88297e+06,4.84524e+06,ns,,5.41034e+07,,,
"Alp_Int64_StdHash_Linear/LookupHit/2097152",5,1.42488e+08,1.41374e+08,ns,,1.48341e+07,,,
"Alp_Int64_StdHash_Linear/LookupHit/4194304",2,3.53044e+08,3.50229e+08,ns,,1.19759e+07,,,
"Alp_Int64_StdHash_Linear/LookupMiss/8",5758480,121.858,121.078,ns,,6.60732e+07,,,
"Alp_Int64_StdHash_Linear/LookupMiss/64",702221,999.214,992.731,ns,,6.44686e+07,,,
"Alp_Int64_StdHash_Linear/LookupMiss/512",87749,7999.19,7949.84,ns,,6.44038e+07,,,
"Alp_Int64_StdHash_Linear/LookupMiss/4096",10819,65287.1,64875.3,ns,,6.31365e+07,,,
"Alp_Int64_StdHash_Linear/LookupMiss/32768",1313,531751,527721,ns,,6.20935e+07,,,
"Alp_Int64_StdHash_Linear/LookupMiss/262144",160,4.45131e+06,4.41599e+06,ns,,5.93624e+07,,,
"Alp_Int64_StdHash_Linear/LookupMiss/2097152",15,4.77608e+07,4.7384e+07,ns,,4.42587e+07,,,
"Alp_Int64_StdHash_Linear/LookupMiss/4194304",6,1.14217e+08,1.13338e+08,ns,,3.70071e+07,,,
"Alp_Int64_StdHash_Linear/Erase/8",987329,712.1,706.097,ns,,1.13299e+07,,,
"Alp_Int64_StdHash_Linear/Erase/64",408238,1754.05,1737.98,ns,,3.68243e+07,,,
"Alp_Int64_StdHash_Linear/Erase/512",72029,9851.83,9787.61,ns,,5.2311e+07,,,
"Alp_Int64_StdHash_Linear/Erase/4096",9422,74966.8,74495.4,ns,,5.49833e+07,,,
"Alp_Int64_StdHash_Linear/Erase/32768",1174,605684,601117,ns,,5.45118e+07,,,
"Alp_Int64_StdHash_Linear/Erase/262144",125,5.52236e+06,5.48463e+06,ns,,4.77961e+07,,,
"Alp_Int64_StdHash_Linear/Erase/2097152",5,1.42673e+08,1.41597e+08,ns,,1.48107e+07,,,
"Alp_Int64_StdHash_Linear/Erase/4194304",2,3.44497e+08,3.41984e+08,ns,,1.22646e+07,,,
"Alp_Int64_StdHash_Linear/Iterate/8",37688502,18.6815,18.5735,ns,,4.30721e+08,,,
"Alp_Int64_StdHash_Linear/Iterate/64",5323151,130.506,129.746,ns,,4.93272e+08,,,
"Alp_Int64_StdHash_Linear/Iterate/512",669333,1054.76,1048.79,ns,,4.88182e+08,,,
"Alp_Int64_StdHash_Linear/Iterate/4096",83703,8460.49,8408.8,ns,,4.87109e+08,,,
"Alp_Int64_StdHash_Linear/Iterate/32768",8911,75237.5,74707.4,ns,,4.38618e+08,,,
"Alp_Int64_StdHash_Linear/Iterate/262144",710,1.00632e+06,997748,ns,,2.62736e+08,,,
"Alp_Int64_StdHash_Linear/Iterate/2097152",88,8.02553e+06,7.96585e+06,ns,,2.63268e+08,,,
"Alp_Int64_StdHash_Linear/Iterate/4194304",44,1.61059e+07,1.59857e+07,ns,,2.62379e+08,,,
"Alp_Int64_StdHash_Quadratic/Insert/8",4579324,152.43,151.546,ns,,5.27892e+07,,,
"Alp_Int64_StdHash_Quadratic/Insert/64",292338,2412.27,2397.87,ns,,2.66904e+07,,,
"Alp_Int64_StdHash_Quadratic/Insert/512",34251,20594,20469.5,ns,,2.50128e+07,,,
"Alp_Int64_StdHash_Quadratic/Insert/4096",4128,175540,174328,ns,,2.34959e+07,,,
"Alp_Int64_StdHash_Quadratic/Insert/32768",480,1.45258e+06,1.44265e+06,ns,,2.27137e+07,,,
"Alp_Int64_StdHash_Quadratic/Insert/262144",57,1.22296e+07,1.21406e+07,ns,,2.15923e+07,,,
"Alp_Int64_StdHash_Quadratic/Insert/2097152",5,1.33599e+08,1.32603e+08,ns,,1.58152e+07,,,
"Alp_Int64_StdHash_Quadratic/Insert/4194304",2,3.14662e+08,3.12383e+08,ns,,1.34268e+07,,,
"Alp_Int64_StdHash_Quadratic/LookupHit/8",6326504,111.439,110.788,ns,,7.22098e+07,,,
"Alp_Int64_StdHash_Quadratic/LookupHit/64",772130,912.156,906.899,ns,,7.05701e+07,,,
"Alp_Int64_StdHash_Quadratic/LookupHit/512",96967,7268.58,7222.86,ns,,7.08861e+07,,,
"Alp_Int64_StdHash_Quadratic/LookupHit/4096",11947,59074,58713,ns,,6.97631e+07,,,
"Alp_Int64_StdHash_Quadratic/LookupHit/32768",1441,488889,485443,ns,,6.75013e+07,,,
"Alp_Int64_StdHash_Quadratic/LookupHit/262144",145,4.83669e+06,4.80277e+06,ns,,5.45818e+07,,,
"Alp_Int64_StdHash_Quadratic/LookupHit/2097152",5,1.37535e+08,1.36519e+08,ns,,1.53616e+07,,,
"Alp_Int64_StdHash_Quadratic/LookupHit/4194304",2,3.32313e+08,3.29801e+08,ns,,1.27177e+07,,,
"Alp_Int64_StdHash_Quadratic/LookupMiss/8",5846335,122.382,120.978,ns,,6.61278e+07,,,
"Alp_Int64_StdHash_Quadratic/LookupMiss/64",696682,994.658,982.308,ns,,6.51527e+07,,,
"Alp_Int64_StdHash_Quadratic/LookupMiss/512",88658,8033.29,7946.87,ns,,6.44279e+07,,,
"Alp_Int64_StdHash_Quadratic/LookupMiss/4096",10835,65133.5,64403.7,ns,,6.35988e+07,,,
"Alp_Int64_StdHash_Quadratic/LookupMiss/32768",1350,527171,520459,ns,,6.29598e+07,,,
"Alp_Int64_StdHash_Quadratic/LookupMiss/262144",161,4.41437e+06,4.36735e+06,ns,,6.00236e+07,,,
"Alp_Int64_StdHash_Quadratic/LookupMiss/2097152",15,4.82775e+07,4.78582e+07,ns,,4.38201e+07,,,
"Alp_Int64_StdHash_Quadratic/LookupMiss/4194304",6,1.11782e+08,1.10877e+08,ns,,3.78283e+07,,,
"Alp_Int64_StdHash_Quadratic/Erase/8",1011777,701.795,696.048,ns,,1.14935e+07,,,
"Alp_Int64_StdHash_Quadratic/Erase/64",393833,1742.67,1732.63,ns,,3.6938e+07,,,
"Alp_Int64_StdHash_Quadratic/Erase/512",71099,9935.65,9871.25,ns,,5.18678e+07,,,
"Alp_Int64_StdHash_Quadratic/Erase/4096",9396,75203,74715.5,ns,,5.48213e+07,,,
"Alp_Int64_StdHash_Quadratic/Erase/32768",1171,603766,599457,ns,,5.46628e+07,,,
"Alp_Int64_StdHash_Quadratic/Erase/262144",128,5.49174e+06,5.45389e+06,ns,,4.80655e+07,,,
"Alp_Int64_StdHash_Quadratic/Erase/2097152",4,1.44988e+08,1.43909e+08,ns,,1.45727e+07,,,
"Alp_Int64_StdHash_Quadratic/Erase/4194304",2,3.46855e+08,3.44298e+08,ns,,1.21822e+07,,,
"Alp_Int64_StdHash_Quadratic/Iterate/8",37745126,18.8824,18.7689,ns,,4.26237e+08,,,
"Alp_Int64_StdHash_Quadratic/Iterate/64",5376518,130.679,129.909,ns,,4.92652e+08,,,
"Alp_Int64_StdHash_Quadratic/Iterate/512",619920,1066.45,1059.81,ns,,4.83106e+08,,,
"Alp_Int64_StdHash_Quadratic/Iterate/4096",83689,8480.77,8425.87,ns,,4.86122e+08,,,
"Alp_Int64_StdHash_Quadratic/Iterate/32768",9565,74372.1,73836.3,ns,,4.43792e+08,,,
"Alp_Int64_StdHash_Quadratic/Iterate/262144",706,998259,990844,ns,,2.64566e+08,,,
"Alp_Int64_StdHash_Quadratic/Iterate/2097152",88,8.33397e+06,8.26818e+06,ns,,2.53641e+08,,,
"Alp_Int64_StdHash_Quadratic/Iterate/4194304",44,1.62233e+07,1.61026e+07,ns,,2.60474e+08,,,
"Alp_String_StdHash_Linear/Insert/8",1894838,376.874,374.581,ns,,2.13572e+07,,,
"Alp_String_StdHash_Linear/Insert/64",109518,6321.33,6282.91,ns,,1.01864e+07,,,
"Alp_String_StdHash_Linear/Insert/512",12564,55439.1,55072.5,ns,,9.29683e+06,,,
"Alp_String_StdHash_Linear/Insert/4096",1477,476909,473476,ns,,8.65091e+06,,,
"Alp_String_StdHash_Linear/Insert/32768",139,5.02995e+06,4.99212e+06,ns,,6.56394e+06,,,
"Alp_String_StdHash_Linear/Insert/262144",8,7.46038e+07,7.40184e+07,ns,,3.54161e+06,,,
"Alp_String_StdHash_Linear/Insert/2097152",1,1.04584e+09,1.03798e+09,ns,,2.02043e+06,,,
"Alp_String_StdHash_Linear/Insert/4194304",1,2.32117e+09,2.30325e+09,ns,,1.82104e+06,,,
"Alp_String_StdHash_Linear/LookupHit/8",4104954,172.307,171.19,ns,,4.67317e+07,,,
"Alp_String_StdHash_Linear/LookupHit/64",486547,1452.29,1442.46,ns,,4.43688e+07,,,
"Alp_String_StdHash_Linear/LookupHit/512",60467,11668.2,11591.4,ns,,4.41709e+07,,,
"Alp_String_StdHash_Linear/LookupHit/4096",7120,99124.5,98384.5,ns,,4.16326e+07,,,
"Alp_String_StdHash_Linear/LookupHit/32768",708,1.00172e+06,994108,ns,,3.29622e+07,,,
"Alp_String_StdHash_Linear/LookupHit/262144",43,1.61574e+07,1.60345e+07,ns,,1.63487e+07,,,
"Alp_String_StdHash_Linear/LookupHit/2097152",3,2.3182e+08,2.30071e+08,ns,,9.11523e+06,,,
"Alp_String_StdHash_Linear/LookupHit/4194304",1,5.08908e+08,5.05167e+08,ns,,8.30281e+06,,,
"Alp_String_StdHash_Linear/LookupMiss/8",4449466,158.457,157.482,ns,,5.07994e+07,,,
"Alp_String_StdHash_Linear/LookupMiss/64",506414,1389.85,1380.94,ns,,4.63451e+07,,,
"Alp_String_StdHash_Linear/LookupMiss/512",64015,11033.9,10963.3,ns,,4.67014e+07,,,
"Alp_String_StdHash_Linear/LookupMiss/4096",8078,88022,87295.3,ns,,4.69212e+07,,,
"Alp_String_StdHash_Linear/LookupMiss/32768",945,744925,739548,ns,,4.43081e+07,,,
"Alp_String_StdHash_Linear/LookupMiss/262144",83,8.47965e+06,8.41445e+06,ns,,3.1154e+07,,,
"Alp_String_StdHash_Linear/LookupMiss/2097152",8,9.30113e+07,9.23194e+07,ns,,2.27163e+07,,,
"Alp_String_StdHash_Linear/LookupMiss/4194304",3,2.09372e+08,2.07755e+08,ns,,2.01887e+07,,,
"Alp_String_StdHash_Linear/Erase/8",853607,826.317,814.293,ns,,9.82448e+06,,,
"Alp_String_StdHash_Linear/Erase/64",258926,2725.36,2704.27,ns,,2.36663e+07,,,
"Alp_String_StdHash_Linear/Erase/512",39974,17688.6,17562.5,ns,,2.91531e+07,,,
"Alp_String_StdHash_Linear/Erase/4096",4706,150095,149122,ns,,2.74674e+07,,,
"Alp_String_StdHash_Linear/Erase/32768",499,1.55577e+06,1.54307e+06,ns,,2.12356e+07,,,
"Alp_String_StdHash_Linear/Erase/262144",30,2.65646e+07,2.63679e+07,ns,,9.94178e+06,,,
"Alp_String_StdHash_Linear/Erase/2097152",2,3.8462e+08,3.81784e+08,ns,,5.49304e+06,,,
"Alp_String_StdHash_Linear/Erase/4194304",1,9.0662e+08,8.99982e+08,ns,,4.66043e+06,,,
"Alp_String_StdHash_Linear/Iterate/8",33647086,20.996,20.8721,ns,,3.83288e+08,,,
"Alp_String_StdHash_Linear/Iterate/64",4821661,146.844,145.894,ns,,4.38673e+08,,,
"Alp_String_StdHash_Linear/Iterate/512",606853,1157.95,1150.61,ns,,4.44983e+08,,,
"Alp_String_StdHash_Linear/Iterate/4096",74312,9502.45,9441.4,ns,,4.33834e+08,,,
"Alp_String_StdHash_Linear/Iterate/32768",8378,80518.9,79962.8,ns,,4.09791e+08,,,
"Alp_String_StdHash_Linear/Iterate/262144",723,974190,967720,ns,,2.70888e+08,,,
"Alp_String_StdHash_Linear/Iterate/2097152",90,7.76665e+06,7.71502e+06,ns,,2.71827e+08,,,
"Alp_String_StdHash_Linear/Iterate/4194304",45,1.57429e+07,1.56312e+07,ns,,2.68329e+08,,,
"Alp_String_StdHash_Quadratic/Insert/8",1799831,377.025,374.566,ns,,2.1358e+07,,,
"Alp_String_StdHash_Quadratic/Insert/64",109054,6384.03,6341.98,ns,,1.00915e+07,,,
"Alp_String_StdHash_Quadratic/Insert/512",12561,55942.4,55578.9,ns,,9.21212e+06,,,
"Alp_String_StdHash_Quadratic/Insert/4096",1483,473000,469439,ns,,8.7253e+06,,,
"Alp_String_StdHash_Quadratic/Insert/32768",142,5.01435e+06,4.9762e+06,ns,,6.58495e+06,,,
"Alp_String_StdHash_Quadratic/Insert/262144",8,7.21996e+07,7.16717e+07,ns,,3.65757e+06,,,
"Alp_String_StdHash_Quadratic/Insert/2097152",1,1.07178e+09,1.06363e+09,ns,,1.97168e+06,,,
"Alp_String_StdHash_Quadratic/Insert/4194304",1,2.35173e+09,2.33401e+09,ns,,1.79703e+06,,,
"Alp_String_StdHash_Quadratic/LookupHit/8",4080152,172.813,171.784,ns,,4.65702e+07,,,
"Alp_String_StdHash_Quadratic/LookupHit/64",488477,1450.92,1441.71,ns,,4.43919e+07,,,
"Alp_String_StdHash_Quadratic/LookupHit/512",59901,11739.3,11665.9,ns,,4.38886e+07,,,
"Alp_String_StdHash_Quadratic/LookupHit/4096",7077,99467.5,98752.7,ns,,4.14774e+07,,,
"Alp_String_StdHash_Quadratic/LookupHit/32768",704,983340,976216,ns,,3.35663e+07,,,
"Alp_String_StdHash_Quadratic/LookupHit/262144",45,1.70809e+07,1.69563e+07,ns,,1.546e+07,,,
"Alp_String_StdHash_Quadratic/LookupHit/2097152",3,2.41523e+08,2.397e+08,ns,,8.74906e+06,,,
"Alp_String_StdHash_Quadratic/LookupHit/4194304",2,4.88936e+08,4.85433e+08,ns,,8.64033e+06,,,
"Alp_String_StdHash_Quadratic/LookupMiss/8",4433702,163.414,162.361,ns,,4.92729e+07,,,
"Alp_String_StdHash_Quadratic/LookupMiss/64",509022,1382.91,1374.92,ns,,4.65483e+07,,,
"Alp_String_StdHash_Quadratic/LookupMiss/512",63779,11020.6,10955.7,ns,,4.67337e+07,,,
"Alp_String_StdHash_Quadratic/LookupMiss/4096",8093,87013.9,86183.4,ns,,4.75265e+07,,,
"Alp_String_StdHash_Quadratic/LookupMiss/32768",943,751361,741249,ns,,4.42064e+07,,,
"Alp_String_StdHash_Quadratic/LookupMiss/262144",81,8.24341e+06,8.17991e+06,ns,,3.20473e+07,,,
"Alp_String_StdHash_Quadratic/LookupMiss/2097152",7,9.22888e+07,9.16004e+07,ns,,2.28946e+07,,,
"Alp_String_StdHash_Quadratic/LookupMiss/4194304",3,2.1738e+08,2.15729e+08,ns,,1.94424e+07,,,
"Alp_String_StdHash_Quadratic/Erase/8",848427,854.42,852.071,ns,,9.38889e+06,,,
"Alp_String_StdHash_Quadratic/Erase/64",251445,2805.22,2788.83,ns,,2.29487e+07,,,
"Alp_String_StdHash_Quadratic/Erase/512",38550,18098.9,17983.6,ns,,2.84704e+07,,,
"Alp_String_StdHash_Quadratic/Erase/4096",4596,156283,154894,ns,,2.64439e+07,,,
"Alp_String_StdHash_Quadratic/Erase/32768",497,1.55881e+06,1.5473e+06,ns,,2.11775e+07,,,
"Alp_String_StdHash_Quadratic/Erase/262144",27,2.58039e+07,2.56053e+07,ns,,1.02379e+07,,,
"Alp_String_StdHash_Quadratic/Erase/2097152",2,3.85409e+08,3.82625e+08,ns,,5.48097e+06,,,
"Alp_String_StdHash_Quadratic/Erase/4194304",1,9.51444e+08,9.4423e+08,ns,,4.44204e+06,,,
"Alp_String_StdHash_Quadratic/Iterate/8",33657765,20.9347,20.8171,ns,,3.84299e+08,,,
"Alp_String_StdHash_Quadratic/Iterate/64",4873233,146.851,145.911,ns,,4.38624e+08,,,
"Alp_String_StdHash_Quadratic/Iterate/512",609630,1163.65,1156.03,ns,,4.42896e+08,,,
"Alp_String_StdHash_Quadratic/Iterate/4096",72271,9556.73,9494.5,ns,,4.31408e+08,,,
"Alp_String_StdHash_Quadratic/Iterate/32768",8646,81238.9,80657.9,ns,,4.06259e+08,,,
"Alp_String_StdHash_Quadratic/Iterate/262144",732,945508,939497,ns,,2.79026e+08,,,
"Alp_String_StdHash_Quadratic/Iterate/2097152",93,7.66226e+06,7.61091e+06,ns,,2.75545e+08,,,
"Alp_String_StdHash_Quadratic/Iterate/4194304",46,1.53989e+07,1.5293e+07,ns,,2.74263e+08,,,
"Std_UnorderedSet_Int64/Insert/8",4650384,154.051,153.101,ns,,5.22532e+07,,,
"Std_UnorderedSet_Int64/Insert/64",420988,1653.58,1643.9,ns,,3.89317e+07,,,
"Std_UnorderedSet_Int64/Insert/512",33928,20773.6,20651.5,ns,,2.47923e+07,,,
"Std_UnorderedSet_Int64/Insert/4096",3007,225698,224137,ns,,1.82745e+07,,,
"Std_UnorderedSet_Int64/Insert/32768",292,2.4062e+06,2.3892e+06,ns,,1.3715e+07,,,
"Std_UnorderedSet_Int64/Insert/262144",27,2.58316e+07,2.56394e+07,ns,,1.02243e+07,,,
"Std_UnorderedSet_Int64/Insert/2097152",1,7.07247e+08,7.01846e+08,ns,,2.98805e+06,,,
"Std_UnorderedSet_Int64/Insert/4194304",1,1.85118e+09,1.83697e+09,ns,,2.28327e+06,,,
"Std_UnorderedSet_Int64/LookupHit/8",23607188,29.8657,29.6739,ns,,2.69597e+08,,,
"Std_UnorderedSet_Int64/LookupHit/64",2808910,250.265,248.67,ns,,2.57369e+08,,,
"Std_UnorderedSet_Int64/LookupHit/512",361618,1960.08,1947.33,ns,,2.62925e+08,,,
"Std_UnorderedSet_Int64/LookupHit/4096",41994,16832.3,16720.9,ns,,2.44963e+08,,,
"Std_UnorderedSet_Int64/LookupHit/32768",1673,419994,417011,ns,,7.85783e+07,,,
"Std_UnorderedSet_Int64/LookupHit/262144",182,3.91914e+06,3.89065e+06,ns,,6.73779e+07,,,
"Std_UnorderedSet_Int64/LookupHit/2097152",8,8.5559e+07,8.48804e+07,ns,,2.47071e+07,,,
"Std_UnorderedSet_Int64/LookupHit/4194304",4,1.95093e+08,1.93595e+08,ns,,2.16653e+07,,,
"Std_UnorderedSet_Int64/LookupMiss/8",13805032,51.2908,50.9941,ns,,1.56881e+08,,,
"Std_UnorderedSet_Int64/LookupMiss/64",2170991,325.117,323.144,ns,,1.98054e+08,,,
"Std_UnorderedSet_Int64/LookupMiss/512",276674,2545.39,2530.4,ns,,2.0234e+08,,,
"Std_UnorderedSet_Int64/LookupMiss/4096",30501,22859.9,22716.5,ns,,1.8031e+08,,,
"Std_UnorderedSet_Int64/LookupMiss/32768",1178,599017,594830,ns,,5.5088e+07,,,
"Std_UnorderedSet_Int64/LookupMiss/262144",121,5.92658e+06,5.88202e+06,ns,,4.4567e+07,,,
"Std_UnorderedSet_Int64/LookupMiss/2097152",5,1.38984e+08,1.37954e+08,ns,,1.52018e+07,,,
"Std_UnorderedSet_Int64/LookupMiss/4194304",2,3.15037e+08,3.12644e+08,ns,,1.34156e+07,,,
"Std_UnorderedSet_Int64/Erase/8",1122110,625.358,622.486,ns,,1.28517e+07,,,
"Std_UnorderedSet_Int64/Erase/64",452309,1555.16,1546.58,ns,,4.13816e+07,,,
"Std_UnorderedSet_Int64/Erase/512",80915,8771.77,8711.16,ns,,5.87752e+07,,,
"Std_UnorderedSet_Int64/Erase/4096",8644,82671.5,82148.2,ns,,4.98611e+07,,,
"Std_UnorderedSet_Int64/Erase/32768",610,1.16434e+06,1.15622e+06,ns,,2.83406e+07,,,
"Std_UnorderedSet_Int64/Erase/262144",57,1.19425e+07,1.1855e+07,ns,,2.21126e+07,,,
"Std_UnorderedSet_Int64/Erase/2097152",2,2.79191e+08,2.77147e+08,ns,,7.56693e+06,,,
"Std_UnorderedSet_Int64/Erase/4194304",1,7.25019e+08,7.19674e+08,ns,,5.82806e+06,,,
"Std_UnorderedSet_Int64/Iterate/8",123358980,5.6757,5.64412,ns,,1.41741e+09,,,
"Std_UnorderedSet_Int64/Iterate/64",9396470,74.6357,74.1947,ns,,8.62596e+08,,,
"Std_UnorderedSet_Int64/Iterate/512",914577,775.656,770.668,ns,,6.64359e+08,,,
"Std_UnorderedSet_Int64/Iterate/4096",80635,8751.73,8697.93,ns,,4.70917e+08,,,
"Std_UnorderedSet_Int64/Iterate/32768",5505,127990,127086,ns,,2.5784e+08,,,
"Std_UnorderedSet_Int64/Iterate/262144",401,1.7617e+06,1.74966e+06,ns,,1.49826e+08,,,
"Std_UnorderedSet_Int64/Iterate/2097152",11,7.08384e+07,7.03203e+07,ns,,2.98228e+07,,,
"Std_UnorderedSet_Int64/Iterate/4194304",4,1.7851e+08,1.7718e+08,ns,,2.36725e+07,,,
"Std_UnorderedSet_String/Insert/8",1713364,410.847,408.382,ns,,1.95895e+07,,,
"Std_UnorderedSet_String/Insert/64",175830,4007.62,3983.65,ns,,1.60657e+07,,,
"Std_UnorderedSet_String/Insert/512",14513,48348.1,48034,ns,,1.06591e+07,,,
"Std_UnorderedSet_String/Insert/4096",1588,443611,440475,ns,,9.29905e+06,,,
"Std_UnorderedSet_String/Insert/32768",140,5.01892e+06,4.98308e+06,ns,,6.57586e+06,,,
"Std_UnorderedSet_String/Insert/262144",8,8.59849e+07,8.53106e+07,ns,,3.07282e+06,,,
"Std_UnorderedSet_String/Insert/2097152",1,1.25673e+09,1.24759e+09,ns,,1.68096e+06,,,
"Std_UnorderedSet_String/Insert/4194304",1,2.79547e+09,2.7743e+09,ns,,1.51184e+06,,,
"Std_UnorderedSet_String/LookupHit/8",4680048,150.603,149.691,ns,,5.34434e+07,,,
"Std_UnorderedSet_String/LookupHit/64",849604,806.128,801.305,ns,,7.98697e+07,,,
"Std_UnorderedSet_String/LookupHit/512",92175,7213.8,7169.97,ns,,7.14089e+07,,,
"Std_UnorderedSet_String/LookupHit/4096",7416,99851.3,99144.7,ns,,4.13133e+07,,,
"Std_UnorderedSet_String/LookupHit/32768",622,1.13376e+06,1.12554e+06,ns,,2.91133e+07,,,
"Std_UnorderedSet_String/LookupHit/262144",35,1.72018e+07,1.70804e+07,ns,,1.53477e+07,,,
"Std_UnorderedSet_String/LookupHit/2097152",2,2.93603e+08,2.91346e+08,ns,,7.19815e+06,,,
"Std_UnorderedSet_String/LookupHit/4194304",1,6.56299e+08,6.51252e+08,ns,,6.44037e+06,,,
"Std_UnorderedSet_String/LookupMiss/8",2479983,284.312,282.47,ns,,2.83216e+07,,,
"Std_UnorderedSet_String/LookupMiss/64",943970,752.447,747.432,ns,,8.56266e+07,,,
"Std_UnorderedSet_String/LookupMiss/512",106360,6662,6618.95,ns,,7.73536e+07,,,
"Std_UnorderedSet_String/LookupMiss/4096",7936,88189.8,87560.6,ns,,4.6779e+07,,,
"Std_UnorderedSet_String/LookupMiss/32768",515,1.36623e+06,1.35606e+06,ns,,2.4164e+07,,,
"Std_UnorderedSet_String/LookupMiss/262144",29,2.45587e+07,2.43761e+07,ns,,1.07541e+07,,,
"Std_UnorderedSet_String/LookupMiss/2097152",2,3.76408e+08,3.73566e+08,ns,,5.61387e+06,,,
"Std_UnorderedSet_String/LookupMiss/4194304",1,7.8134e+08,7.75509e+08,ns,,5.40845e+06,,,
"Std_UnorderedSet_String/Erase/8",855423,808.849,808.134,ns,,9.89935e+06,,,
"Std_UnorderedSet_String/Erase/64",221226,3174.13,3163.92,ns,,2.02281e+07,,,
"Std_UnorderedSet_String/Erase/512",29591,22563.7,22338.6,ns,,2.292e+07,,,
"Std_UnorderedSet_String/Erase/4096",3375,210656,209143,ns,,1.95847e+07,,,
"Std_UnorderedSet_String/Erase/32768",263,2.67604e+06,2.65716e+06,ns,,1.2332e+07,,,
"Std_UnorderedSet_String/Erase/262144",18,3.86135e+07,3.83058e+07,ns,,6.84346e+06,,,
"Std_UnorderedSet_String/Erase/2097152",1,6.28763e+08,6.23997e+08,ns,,3.36083e+06,,,
"Std_UnorderedSet_String/Erase/4194304",1,1.39589e+09,1.3854e+09,ns,,3.02751e+06,,,
"Std_UnorderedSet_String/Iterate/8",136624346,5.14814,5.11722,ns,,1.56335e+09,,,
"Std_UnorderedSet_String/Iterate/64",12338318,59.5582,59.1668,ns,,1.08169e+09,,,
"Std_UnorderedSet_String/Iterate/512",482144,1456.31,1447.63,ns,,3.53681e+08,,,
"Std_UnorderedSet_String/Iterate/4096",39332,17663.5,17543.4,ns,,2.33478e+08,,,
"Std_UnorderedSet_String/Iterate/32768",2290,309638,307302,ns,,1.06631e+08,,,
"Std_UnorderedSet_String/Iterate/262144",108,7.10347e+06,7.04972e+06,ns,,3.7185e+07,,,
"Std_UnorderedSet_String/Iterate/2097152",5,1.43517e+08,1.42337e+08,ns,,1.47337e+07,,,
"Std_UnorderedSet_String/Iterate/4194304",3,2.75825e+08,2.73738e+08,ns,,1.53223e+07,,,
"Absl_FlatHashSet_Int64/Insert/8",4039153,174.22,173.194,ns,,4.6191e+07,,,
"Absl_FlatHashSet_Int64/Insert/64",363394,1933.23,1922.24,ns,,3.32945e+07,,,
"Absl_FlatHashSet_Int64/Insert/512",50200,14235.8,14143.5,ns,,3.62004e+07,,,
"Absl_FlatHashSet_Int64/Insert/4096",6321,111650,110913,ns,,3.69298e+07,,,
"Absl_FlatHashSet_Int64/Insert/32768",744,944413,937847,ns,,3.49396e+07,,,
"Absl_FlatHashSet_Int64/Insert/262144",84,8.321e+06,8.26085e+06,ns,,3.17333e+07,,,
"Absl_FlatHashSet_Int64/Insert/2097152",8,9.27369e+07,9.20103e+07,ns,,2.27926e+07,,,
"Absl_FlatHashSet_Int64/Insert/4194304",4,2.08479e+08,2.0674e+08,ns,,2.02878e+07,,,
"Absl_FlatHashSet_Int64/LookupHit/8",32502402,20.0743,19.9523,ns,,4.00956e+08,,,
"Absl_FlatHashSet_Int64/LookupHit/64",4348518,162.199,161.243,ns,,3.96917e+08,,,
"Absl_FlatHashSet_Int64/LookupHit/512",542833,1302.71,1294.63,ns,,3.95481e+08,,,
"Absl_FlatHashSet_Int64/LookupHit/4096",62641,11229.2,11156.1,ns,,3.67153e+08,,,
"Absl_FlatHashSet_Int64/LookupHit/32768",4977,141421,140451,ns,,2.33305e+08,,,
"Absl_FlatHashSet_Int64/LookupHit/262144",402,1.74938e+06,1.73722e+06,ns,,1.50899e+08,,,
"Absl_FlatHashSet_Int64/LookupHit/2097152",14,4.90299e+07,4.86578e+07,ns,,4.31e+07,,,
"Absl_FlatHashSet_Int64/LookupHit/4194304",6,1.19329e+08,1.18413e+08,ns,,3.54211e+07,,,
"Absl_FlatHashSet_Int64/LookupMiss/8",37047042,18.8601,18.7489,ns,,4.26691e+08,,,
"Absl_FlatHashSet_Int64/LookupMiss/64",4739016,150.344,149.419,ns,,4.28324e+08,,,
"Absl_FlatHashSet_Int64/LookupMiss/512",502664,1398.37,1389.88,ns,,3.68378e+08,,,
"Absl_FlatHashSet_Int64/LookupMiss/4096",59131,11905.1,11834.7,ns,,3.461e+08,,,
"Absl_FlatHashSet_Int64/LookupMiss/32768",6284,111784,110992,ns,,2.95229e+08,,,
"Absl_FlatHashSet_Int64/LookupMiss/262144",578,1.22704e+06,1.21828e+06,ns,,2.15175e+08,,,
"Absl_FlatHashSet_Int64/LookupMiss/2097152",39,1.88932e+07,1.87515e+07,ns,,1.11839e+08,,,
"Absl_FlatHashSet_Int64/LookupMiss/4194304",15,4.67898e+07,4.64393e+07,ns,,9.0318e+07,,,
"Absl_FlatHashSet_Int64/Erase/8",1065059,665.097,660.853,ns,,1.21056e+07,,,
"Absl_FlatHashSet_Int64/Erase/64",597028,1174.51,1168.56,ns,,5.47683e+07,,,
"Absl_FlatHashSet_Int64/Erase/512",168851,4170.57,4147,ns,,1.23463e+08,,,
"Absl_FlatHashSet_Int64/Erase/4096",22046,31712.8,31507.8,ns,,1.29999e+08,,,
"Absl_FlatHashSet_Int64/Erase/32768",2313,303722,301714,ns,,1.08606e+08,,,
"Absl_FlatHashSet_Int64/Erase/262144",197,3.66965e+06,3.64115e+06,ns,,7.19948e+07,,,
"Absl_FlatHashSet_Int64/Erase/2097152",9,8.08029e+07,8.02162e+07,ns,,2.61438e+07,,,
"Absl_FlatHashSet_Int64/Erase/4194304",4,2.12028e+08,2.10427e+08,ns,,1.99324e+07,,,
"Absl_FlatHashSet_Int64/Iterate/8",71930931,9.70429,9.6488,ns,,8.29118e+08,,,
"Absl_FlatHashSet_Int64/Iterate/64",5914732,118.742,118.063,ns,,5.42086e+08,,,
"Absl_FlatHashSet_Int64/Iterate/512",655745,1080.4,1074.21,ns,,4.76627e+08,,,
"Absl_FlatHashSet_Int64/Iterate/4096",80692,8809.75,8746.81,ns,,4.68285e+08,,,
"Absl_FlatHashSet_Int64/Iterate/32768",5329,128479,127603,ns,,2.56796e+08,,,
"Absl_FlatHashSet_Int64/Iterate/262144",544,1.2966e+06,1.28744e+06,ns,,2.03616e+08,,,
"Absl_FlatHashSet_Int64/Iterate/2097152",67,1.04912e+07,1.04159e+07,ns,,2.01342e+08,,,
"Absl_FlatHashSet_Int64/Iterate/4194304",34,2.0763e+07,2.06089e+07,ns,,2.0352e+08,,,
"Absl_FlatHashSet_String/Insert/8",2300829,304.125,302.35,ns,,2.64594e+07,,,
"Absl_FlatHashSet_String/Insert/64",144797,4862.11,4829.09,ns,,1.3253e+07,,,
"Absl_FlatHashSet_String/Insert/512",18290,37821.5,37577.9,ns,,1.3625e+07,,,
"Absl_FlatHashSet_String/Insert/4096",1973,357368,354870,ns,,1.15423e+07,,,
"Absl_FlatHashSet_String/Insert/32768",202,3.51044e+06,3.48434e+06,ns,,9.40437e+06,,,
"Absl_FlatHashSet_String/Insert/262144",13,5.37663e+07,5.33467e+07,ns,,4.91397e+06,,,
"Absl_FlatHashSet_String/Insert/2097152",1,9.05856e+08,8.99106e+08,ns,,2.33249e+06,,,
"Absl_FlatHashSet_String/Insert/4194304",1,1.48673e+09,1.47591e+09,ns,,2.84184e+06,,,
"Absl_FlatHashSet_String/LookupHit/8",6792142,103.3,102.71,ns,,7.78893e+07,,,
"Absl_FlatHashSet_String/LookupHit/64",845589,835.167,829.9,ns,,7.71178e+07,,,
"Absl_FlatHashSet_String/LookupHit/512",100786,7019.3,6975.54,ns,,7.33993e+07,,,
"Absl_FlatHashSet_String/LookupHit/4096",10063,69529.2,69041.9,ns,,5.93263e+07,,,
"Absl_FlatHashSet_String/LookupHit/32768",975,715868,710727,ns,,4.61049e+07,,,
"Absl_FlatHashSet_String/LookupHit/262144",50,1.38192e+07,1.37188e+07,ns,,1.91084e+07,,,
"Absl_FlatHashSet_String/LookupHit/2097152",4,2.0071e+08,1.9923e+08,ns,,1.05263e+07,,,
"Absl_FlatHashSet_String/LookupHit/4194304",2,4.49748e+08,4.4646e+08,ns,,9.39458e+06,,,
"Absl_FlatHashSet_String/LookupMiss/8",9044545,77.9546,77.4964,ns,,1.03231e+08,,,
"Absl_FlatHashSet_String/LookupMiss/64",1030489,681.399,677.401,ns,,9.44788e+07,,,
"Absl_FlatHashSet_String/LookupMiss/512",127893,5676.47,5642.34,ns,,9.07425e+07,,,
"Absl_FlatHashSet_String/LookupMiss/4096",14717,46782.8,46448.9,ns,,8.81829e+07,,,
"Absl_FlatHashSet_String/LookupMiss/32768",1596,438348,435181,ns,,7.52974e+07,,,
"Absl_FlatHashSet_String/LookupMiss/262144",115,5.83339e+06,5.79057e+06,ns,,4.52708e+07,,,
"Absl_FlatHashSet_String/LookupMiss/2097152",10,7.23648e+07,7.18388e+07,ns,,2.91925e+07,,,
"Absl_FlatHashSet_String/LookupMiss/4194304",4,1.70304e+08,1.69071e+08,ns,,2.48079e+07,,,
"Absl_FlatHashSet_String/Erase/8",936009,757.297,749.264,ns,,1.06771e+07,,,
"Absl_FlatHashSet_String/Erase/64",321680,2182.53,2161.79,ns,,2.9605e+07,,,
"Absl_FlatHashSet_String/Erase/512",51144,13937.6,13828.2,ns,,3.70258e+07,,,
"Absl_FlatHashSet_String/Erase/4096",4295,160610,159447,ns,,2.56887e+07,,,
"Absl_FlatHashSet_String/Erase/32768",484,1.46805e+06,1.45553e+06,ns,,2.25128e+07,,,
"Absl_FlatHashSet_String/Erase/262144",28,2.43821e+07,2.41917e+07,ns,,1.08361e+07,,,
"Absl_FlatHashSet_String/Erase/2097152",2,3.84649e+08,3.81733e+08,ns,,5.49377e+06,,,
"Absl_FlatHashSet_String/Erase/4194304",1,9.01971e+08,8.95064e+08,ns,,4.68604e+06,,,
"Absl_FlatHashSet_String/Iterate/8",54334320,13.0429,12.9441,ns,,6.18042e+08,,,
"Absl_FlatHashSet_String/Iterate/64",4930302,143.07,142.201,ns,,4.50066e+08,,,
"Absl_FlatHashSet_String/Iterate/512",646782,1097.22,1090.6,ns,,4.69465e+08,,,
"Absl_FlatHashSet_String/Iterate/4096",77011,9287.62,9230.03,ns,,4.43769e+08,,,
"Absl_FlatHashSet_String/Iterate/32768",4892,113754,112976,ns,,2.90043e+08,,,
"Absl_FlatHashSet_String/Iterate/262144",557,1.26956e+06,1.26051e+06,ns,,2.07966e+08,,,
"Absl_FlatHashSet_String/Iterate/2097152",70,1.0448e+07,1.03722e+07,ns,,2.02191e+08,,,
"Absl_FlatHashSet_String/Iterate/4194304",34,2.04002e+07,2.02572e+07,ns,,2.07053e+08,,,
"Alp_String_Rapid_StoreHash_LF875_Linear/Insert/8",2211405,318.198,316.27,ns,,2.52949e+07,,,
"Alp_String_Rapid_StoreHash_LF875_Linear/Insert/64",124490,5617.57,5582.67,ns,,1.14641e+07,,,
"Alp_String_Rapid_StoreHash_LF875_Linear/Insert/512",13971,48947.6,48623.9,ns,,1.05298e+07,,,
"Alp_String_Rapid_StoreHash_LF875_Linear/Insert/4096",1729,411982,409067,ns,,1.0013e+07,,,
"Alp_String_Rapid_StoreHash_LF875_Linear/Insert/32768",183,3.93345e+06,3.90369e+06,ns,,8.3941e+06,,,
"Alp_String_Rapid_StoreHash_LF875_Linear/Insert/262144",12,5.36966e+07,5.32892e+07,ns,,4.91927e+06,,,
"Alp_String_Rapid_StoreHash_LF875_Linear/Insert/2097152",1,8.51925e+08,8.45722e+08,ns,,2.47972e+06,,,
"Alp_String_Rapid_StoreHash_LF875_Linear/Insert/4194304",1,1.44365e+09,1.43297e+09,ns,,2.927e+06,,,
"Alp_String_Rapid_StoreHash_LF875_Linear/LookupHit/8",4252408,165.46,164.492,ns,,4.86347e+07,,,
"Alp_String_Rapid_StoreHash_LF875_Linear/LookupHit/64",517024,1363.15,1354.6,ns,,4.72463e+07,,,
"Alp_String_Rapid_StoreHash_LF875_Linear/LookupHit/512",65677,10752.4,10684.6,ns,,4.79193e+07,,,
"Alp_String_Rapid_StoreHash_LF875_Linear/LookupHit/4096",7764,90565.9,89924.5,ns,,4.55493e+07,,,
"Alp_String_Rapid_StoreHash_LF875_Linear/LookupHit/32768",840,834266,828191,ns,,3.95658e+07,,,
"Alp_String_Rapid_StoreHash_LF875_Linear/LookupHit/262144",50,1.49025e+07,1.47908e+07,ns,,1.77234e+07,,,
"Alp_String_Rapid_StoreHash_LF875_Linear/LookupHit/2097152",3,2.21932e+08,2.20226e+08,ns,,9.52273e+06,,,
"Alp_String_Rapid_StoreHash_LF875_Linear/LookupHit/4194304",1,5.06237e+08,5.02389e+08,ns,,8.34872e+06,,,
"Alp_String_Rapid_StoreHash_LF875_Linear/LookupMiss/8",4665038,150.861,149.957,ns,,5.33485e+07,,,
"Alp_String_Rapid_StoreHash_LF875_Linear/LookupMiss/64",569611,1237.38,1229.89,ns,,5.2037e+07,,,
"Alp_String_Rapid_StoreHash_LF875_Linear/LookupMiss/512",68144,10096.4,10034,ns,,5.10267e+07,,,
"Alp_String_Rapid_StoreHash_LF875_Linear/LookupMiss/4096",8446,82489.4,81954.6,ns,,4.99789e+07,,,
"Alp_String_Rapid_StoreHash_LF875_Linear/LookupMiss/32768",1012,709192,703830,ns,,4.65567e+07,,,
"Alp_String_Rapid_StoreHash_LF875_Linear/LookupMiss/262144",93,7.48682e+06,7.42927e+06,ns,,3.52853e+07,,,
"Alp_String_Rapid_StoreHash_LF875_Linear/LookupMiss/2097152",8,8.38262e+07,8.31723e+07,ns,,2.52145e+07,,,
"Alp_String_Rapid_StoreHash_LF875_Linear/LookupMiss/4194304",3,2.07862e+08,2.06322e+08,ns,,2.0329e+07,,,
"Alp_String_Rapid_StoreHash_LF875_Linear/Erase/8",859468,830.98,826.328,ns,,9.68138e+06,,,
"Alp_String_Rapid_StoreHash_LF875_Linear/Erase/64",264794,2681.24,2658.77,ns,,2.40713e+07,,,
"Alp_String_Rapid_StoreHash_LF875_Linear/Erase/512",34072,20681.4,20557.7,ns,,2.49055e+07,,,
"Alp_String_Rapid_StoreHash_LF875_Linear/Erase/4096",4034,175579,174198,ns,,2.35135e+07,,,
"Alp_String_Rapid_StoreHash_LF875_Linear/Erase/32768",499,1.4933e+06,1.48064e+06,ns,,2.2131e+07,,,
"Alp_String_Rapid_StoreHash_LF875_Linear/Erase/262144",29,2.54736e+07,2.52874e+07,ns,,1.03666e+07,,,
"Alp_String_Rapid_StoreHash_LF875_Linear/Erase/2097152",2,3.21537e+08,3.1922e+08,ns,,6.56961e+06,,,
"Alp_String_Rapid_StoreHash_LF875_Linear/Erase/4194304",1,7.15102e+08,7.09818e+08,ns,,5.90898e+06,,,
"Alp_String_Rapid_StoreHash_LF875_Linear/Iterate/8",33682857,20.8927,20.7673,ns,,3.85221e+08,,,
"Alp_String_Rapid_StoreHash_LF875_Linear/Iterate/64",4902318,144.353,143.486,ns,,4.46037e+08,,,
"Alp_String_Rapid_StoreHash_LF875_Linear/Iterate/512",599497,1177.28,1170.01,ns,,4.37605e+08,,,
"Alp_String_Rapid_StoreHash_LF875_Linear/Iterate/4096",74973,9493.07,9434.84,ns,,4.34136e+08,,,
"Alp_String_Rapid_StoreHash_LF875_Linear/Iterate/32768",7646,90090.2,89543.5,ns,,3.65945e+08,,,
"Alp_String_Rapid_StoreHash_LF875_Linear/Iterate/262144",726,974992,968264,ns,,2.70736e+08,,,
"Alp_String_Rapid_StoreHash_LF875_Linear/Iterate/2097152",90,7.84085e+06,7.78662e+06,ns,,2.69328e+08,,,
"Alp_String_Rapid_StoreHash_LF875_Linear/Iterate/4194304",45,1.57608e+07,1.56474e+07,ns,,2.68051e+08,,,
"Alp_String_Rapid_StoreHash_LF875_Quadratic/Insert/8",2276050,310.418,308.561,ns,,2.59268e+07,,,
"Alp_String_Rapid_StoreHash_LF875_Quadratic/Insert/64",132952,5323.35,5288.96,ns,,1.21007e+07,,,
"Alp_String_Rapid_StoreHash_LF875_Quadratic/Insert/512",15377,45722.1,45415.9,ns,,1.12736e+07,,,
"Alp_String_Rapid_StoreHash_LF875_Quadratic/Insert/4096",1858,378811,376128,ns,,1.08899e+07,,,
"Alp_String_Rapid_StoreHash_LF875_Quadratic/Insert/32768",187,3.92654e+06,3.89586e+06,ns,,8.41099e+06,,,
"Alp_String_Rapid_StoreHash_LF875_Quadratic/Insert/262144",14,5.68371e+07,5.63809e+07,ns,,4.64952e+06,,,
"Alp_String_Rapid_StoreHash_LF875_Quadratic/Insert/2097152",1,8.58667e+08,8.52109e+08,ns,,2.46113e+06,,,
"Alp_String_Rapid_StoreHash_LF875_Quadratic/Insert/4194304",1,1.44751e+09,1.43675e+09,ns,,2.91929e+06,,,
"Alp_String_Rapid_StoreHash_LF875_Quadratic/LookupHit/8",4280204,164.184,163.214,ns,,4.90155e+07,,,
"Alp_String_Rapid_StoreHash_LF875_Quadratic/LookupHit/64",517333,1363.88,1355.51,ns,,4.72148e+07,,,
"Alp_String_Rapid_StoreHash_LF875_Quadratic/LookupHit/512",65649,10805,10735.7,ns,,4.76914e+07,,,
"Alp_String_Rapid_StoreHash_LF875_Quadratic/LookupHit/4096",7863,89995.8,89350.8,ns,,4.58418e+07,,,
"Alp_String_Rapid_StoreHash_LF875_Quadratic/LookupHit/32768",847,831101,825112,ns,,3.97134e+07,,,
"Alp_String_Rapid_StoreHash_LF875_Quadratic/LookupHit/262144",48,1.44499e+07,1.43395e+07,ns,,1.82812e+07,,,
"Alp_String_Rapid_StoreHash_LF875_Quadratic/LookupHit/2097152",3,2.2452e+08,2.22907e+08,ns,,9.4082e+06,,,
"Alp_String_Rapid_StoreHash_LF875_Quadratic/LookupHit/4194304",2,4.99921e+08,4.96291e+08,ns,,8.45129e+06,,,
"Alp_String_Rapid_StoreHash_LF875_Quadratic/LookupMiss/8",4764098,147.794,146.956,ns,,5.4438e+07,,,
"Alp_String_Rapid_StoreHash_LF875_Quadratic/LookupMiss/64",582425,1216.2,1208.7,ns,,5.29494e+07,,,
"Alp_String_Rapid_StoreHash_LF875_Quadratic/LookupMiss/512",71277,10044.9,9976.84,ns,,5.13189e+07,,,
"Alp_String_Rapid_StoreHash_LF875_Quadratic/LookupMiss/4096",8662,80804.4,80277.9,ns,,5.10228e+07,,,
"Alp_String_Rapid_StoreHash_LF875_Quadratic/LookupMiss/32768",1036,685009,679912,ns,,4.81945e+07,,,
"Alp_String_Rapid_StoreHash_LF875_Quadratic/LookupMiss/262144",98,7.34187e+06,7.24782e+06,ns,,3.61687e+07,,,
"Alp_String_Rapid_StoreHash_LF875_Quadratic/LookupMiss/2097152",8,8.3571e+07,8.29566e+07,ns,,2.52801e+07,,,
"Alp_String_Rapid_StoreHash_LF875_Quadratic/LookupMiss/4194304",3,1.90151e+08,1.88783e+08,ns,,2.22176e+07,,,
"Alp_String_Rapid_StoreHash_LF875_Quadratic/Erase/8",849932,832.307,824.719,ns,,9.70027e+06,,,
"Alp_String_Rapid_StoreHash_LF875_Quadratic/Erase/64",264130,2669.9,2645.85,ns,,2.41888e+07,,,
"Alp_String_Rapid_StoreHash_LF875_Quadratic/Erase/512",32156,21901.9,21767.3,ns,,2.35215e+07,,,
"Alp_String_Rapid_StoreHash_LF875_Quadratic/Erase/4096",4071,172731,171539,ns,,2.3878e+07,,,
"Alp_String_Rapid_StoreHash_LF875_Quadratic/Erase/32768",496,1.48589e+06,1.4754e+06,ns,,2.22095e+07,,,
"Alp_String_Rapid_StoreHash_LF875_Quadratic/Erase/262144",29,2.35317e+07,2.33717e+07,ns,,1.12163e+07,,,
"Alp_String_Rapid_StoreHash_LF875_Quadratic/Erase/2097152",2,3.20416e+08,3.17896e+08,ns,,6.59697e+06,,,
"Alp_String_Rapid_StoreHash_LF875_Quadratic/Erase/4194304",1,7.15989e+08,7.10368e+08,ns,,5.90441e+06,,,
"Alp_String_Rapid_StoreHash_LF875_Quadratic/Iterate/8",32971356,21.5778,21.4436,ns,,3.73072e+08,,,
"Alp_String_Rapid_StoreHash_LF875_Quadratic/Iterate/64",4896594,144.031,143.22,ns,,4.46865e+08,,,
"Alp_String_Rapid_StoreHash_LF875_Quadratic/Iterate/512",602674,1186.27,1179.22,ns,,4.34187e+08,,,
"Alp_String_Rapid_StoreHash_LF875_Quadratic/Iterate/4096",74695,9424.52,9369.99,ns,,4.3714e+08,,,
"Alp_String_Rapid_StoreHash_LF875_Quadratic/Iterate/32768",7796,89519.2,88994.5,ns,,3.68202e+08,,,
"Alp_String_Rapid_StoreHash_LF875_Quadratic/Iterate/262144",741,960561,954085,ns,,2.74759e+08,,,
"Alp_String_Rapid_StoreHash_LF875_Quadratic/Iterate/2097152",91,7.74967e+06,7.69552e+06,ns,,2.72516e+08,,,
"Alp_String_Rapid_StoreHash_LF875_Quadratic/Iterate/4194304",45,1.54385e+07,1.5335e+07,ns,,2.73511e+08,,,
"Alp_String_Rapid_StoreHash_LF85_Linear/Insert/8",2245715,310.698,308.894,ns,,2.58989e+07,,,
"Alp_String_Rapid_StoreHash_LF85_Linear/Insert/64",134635,5433.79,5398.6,ns,,1.18549e+07,,,
"Alp_String_Rapid_StoreHash_LF85_Linear/Insert/512",16190,44051,43786.1,ns,,1.16932e+07,,,
"Alp_String_Rapid_StoreHash_LF85_Linear/Insert/4096",1887,375328,372675,ns,,1.09908e+07,,,
"Alp_String_Rapid_StoreHash_LF85_Linear/Insert/32768",187,3.81396e+06,3.78536e+06,ns,,8.65651e+06,,,
"Alp_String_Rapid_StoreHash_LF85_Linear/Insert/262144",13,5.45568e+07,5.41358e+07,ns,,4.84234e+06,,,
"Alp_String_Rapid_StoreHash_LF85_Linear/Insert/2097152",1,8.3529e+08,8.29081e+08,ns,,2.52949e+06,,,
"Alp_String_Rapid_StoreHash_LF85_Linear/Insert/4194304",1,1.43256e+09,1.4216e+09,ns,,2.95041e+06,,,
"Alp_String_Rapid_StoreHash_LF85_Linear/LookupHit/8",4331799,163.006,162.055,ns,,4.93659e+07,,,
"Alp_String_Rapid_StoreHash_LF85_Linear/LookupHit/64",527755,1344.97,1337.25,ns,,4.78594e+07,,,
"Alp_String_Rapid_StoreHash_LF85_Linear/LookupHit/512",66599,10865.9,10798,ns,,4.74161e+07,,,
"Alp_String_Rapid_StoreHash_LF85_Linear/LookupHit/4096",7606,92297.2,91602.8,ns,,4.47148e+07,,,
"Alp_String_Rapid_StoreHash_LF85_Linear/LookupHit/32768",851,835056,828943,ns,,3.95299e+07,,,
"Alp_String_Rapid_StoreHash_LF85_Linear/LookupHit/262144",49,1.4251e+07,1.41358e+07,ns,,1.85447e+07,,,
"Alp_String_Rapid_StoreHash_LF85_Linear/LookupHit/2097152",3,2.16321e+08,2.14784e+08,ns,,9.76402e+06,,,
"Alp_String_Rapid_StoreHash_LF85_Linear/LookupHit/4194304",2,5.06e+08,5.02282e+08,ns,,8.3505e+06,,,
"Alp_String_Rapid_StoreHash_LF85_Linear/LookupMiss/8",4607939,152.997,152.116,ns,,5.25916e+07,,,
"Alp_String_Rapid_StoreHash_LF85_Linear/LookupMiss/64",562199,1253.15,1245.98,ns,,5.13653e+07,,,
"Alp_String_Rapid_StoreHash_LF85_Linear/LookupMiss/512",69040,10266.2,10203.1,ns,,5.01809e+07,,,
"Alp_String_Rapid_StoreHash_LF85_Linear/LookupMiss/4096",8360,87225,86576.1,ns,,4.7311e+07,,,
"Alp_String_Rapid_StoreHash_LF85_Linear/LookupMiss/32768",997,710589,705318,ns,,4.64585e+07,,,
"Alp_String_Rapid_StoreHash_LF85_Linear/LookupMiss/262144",81,7.25158e+06,7.19388e+06,ns,,3.64399e+07,,,
"Alp_String_Rapid_StoreHash_LF85_Linear/LookupMiss/2097152",8,8.37894e+07,8.31715e+07,ns,,2.52148e+07,,,
"Alp_String_Rapid_StoreHash_LF85_Linear/LookupMiss/4194304",4,1.93674e+08,1.92255e+08,ns,,2.18163e+07,,,
"Alp_String_Rapid_StoreHash_LF85_Linear/Erase/8",852505,819.847,816.138,ns,,9.80227e+06,,,
"Alp_String_Rapid_StoreHash_LF85_Linear/Erase/64",264111,2673.86,2653.99,ns,,2.41146e+07,,,
"Alp_String_Rapid_StoreHash_LF85_Linear/Erase/512",34468,20702.3,20561.7,ns,,2.49007e+07,,,
"Alp_String_Rapid_StoreHash_LF85_Linear/Erase/4096",4104,173771,172551,ns,,2.37379e+07,,,
"Alp_String_Rapid_StoreHash_LF85_Linear/Erase/32768",494,1.47165e+06,1.46113e+06,ns,,2.24265e+07,,,
"Alp_String_Rapid_StoreHash_LF85_Linear/Erase/262144",32,2.33502e+07,2.31853e+07,ns,,1.13065e+07,,,
"Alp_String_Rapid_StoreHash_LF85_Linear/Erase/2097152",2,3.15905e+08,3.13556e+08,ns,,6.68829e+06,,,
"Alp_String_Rapid_StoreHash_LF85_Linear/Erase/4194304",1,7.20573e+08,7.15154e+08,ns,,5.86489e+06,,,
"Alp_String_Rapid_StoreHash_LF85_Linear/Iterate/8",38260469,18.4649,18.3524,ns,,4.3591e+08,,,
"Alp_String_Rapid_StoreHash_LF85_Linear/Iterate/64",5271489,133.394,132.61,ns,,4.82619e+08,,,
"Alp_String_Rapid_StoreHash_LF85_Linear/Iterate/512",655359,1086.23,1079.81,ns,,4.74158e+08,,,
"Alp_String_Rapid_StoreHash_LF85_Linear/Iterate/4096",82623,8619.6,8567.62,ns,,4.78079e+08,,,
"Alp_String_Rapid_StoreHash_LF85_Linear/Iterate/32768",8302,85447.6,84880,ns,,3.86051e+08,,,
"Alp_String_Rapid_StoreHash_LF85_Linear/Iterate/262144",715,993995,987445,ns,,2.65477e+08,,,
"Alp_String_Rapid_StoreHash_LF85_Linear/Iterate/2097152",88,8.02189e+06,7.96748e+06,ns,,2.63214e+08,,,
"Alp_String_Rapid_StoreHash_LF85_Linear/Iterate/4194304",44,1.60078e+07,1.59007e+07,ns,,2.63782e+08,,,
"Alp_String_Rapid_StoreHash_LF85_Quadratic/Insert/8",2300265,306.943,305.132,ns,,2.62182e+07,,,
"Alp_String_Rapid_StoreHash_LF85_Quadratic/Insert/64",138571,5071.76,5040.93,ns,,1.26961e+07,,,
"Alp_String_Rapid_StoreHash_LF85_Quadratic/Insert/512",16058,43296,43012.7,ns,,1.19035e+07,,,
"Alp_String_Rapid_StoreHash_LF85_Quadratic/Insert/4096",1909,369598,366977,ns,,1.11615e+07,,,
"Alp_String_Rapid_StoreHash_LF85_Quadratic/Insert/32768",189,3.70722e+06,3.68012e+06,ns,,8.90405e+06,,,
"Alp_String_Rapid_StoreHash_LF85_Quadratic/Insert/262144",12,5.2635e+07,5.22449e+07,ns,,5.0176e+06,,,
"Alp_String_Rapid_StoreHash_LF85_Quadratic/Insert/2097152",1,8.25706e+08,8.19464e+08,ns,,2.55918e+06,,,
"Alp_String_Rapid_StoreHash_LF85_Quadratic/Insert/4194304",1,1.40617e+09,1.39549e+09,ns,,3.00561e+06,,,
"Alp_String_Rapid_StoreHash_LF85_Quadratic/LookupHit/8",4351403,160.956,160.029,ns,,4.99909e+07,,,
"Alp_String_Rapid_StoreHash_LF85_Quadratic/LookupHit/64",531661,1328.66,1320.65,ns,,4.8461e+07,,,
"Alp_String_Rapid_StoreHash_LF85_Quadratic/LookupHit/512",67368,10467.3,10403.6,ns,,4.92136e+07,,,
"Alp_String_Rapid_StoreHash_LF85_Quadratic/LookupHit/4096",7891,89631.8,88946.5,ns,,4.60501e+07,,,
"Alp_String_Rapid_StoreHash_LF85_Quadratic/LookupHit/32768",839,827237,821237,ns,,3.99008e+07,,,
"Alp_String_Rapid_StoreHash_LF85_Quadratic/LookupHit/262144",51,1.4076e+07,1.39734e+07,ns,,1.87602e+07,,,
"Alp_String_Rapid_StoreHash_LF85_Quadratic/LookupHit/2097152",3,2.1702e+08,2.1546e+08,ns,,9.73337e+06,,,
"Alp_String_Rapid_StoreHash_LF85_Quadratic/LookupHit/4194304",1,5.21417e+08,5.17441e+08,ns,,8.10587e+06,,,
"Alp_String_Rapid_StoreHash_LF85_Quadratic/LookupMiss/8",4846228,147.632,146.687,ns,,5.45379e+07,,,
"Alp_String_Rapid_StoreHash_LF85_Quadratic/LookupMiss/64",583617,1198.17,1191.29,ns,,5.37233e+07,,,
"Alp_String_Rapid_StoreHash_LF85_Quadratic/LookupMiss/512",72342,9764.9,9706.8,ns,,5.27465e+07,,,
"Alp_String_Rapid_StoreHash_LF85_Quadratic/LookupMiss/4096",8743,80370.8,79839.6,ns,,5.13029e+07,,,
"Alp_String_Rapid_StoreHash_LF85_Quadratic/LookupMiss/32768",1041,682549,677471,ns,,4.83682e+07,,,
"Alp_String_Rapid_StoreHash_LF85_Quadratic/LookupMiss/262144",99,7.14569e+06,7.08939e+06,ns,,3.69769e+07,,,
"Alp_String_Rapid_StoreHash_LF85_Quadratic/LookupMiss/2097152",8,8.23453e+07,8.17567e+07,ns,,2.56511e+07,,,
"Alp_String_Rapid_StoreHash_LF85_Quadratic/LookupMiss/4194304",3,1.9579e+08,1.94242e+08,ns,,2.15932e+07,,,
"Alp_String_Rapid_StoreHash_LF85_Quadratic/Erase/8",857178,820.509,811.32,ns,,9.86047e+06,,,
"Alp_String_Rapid_StoreHash_LF85_Quadratic/Erase/64",263013,2676.15,2651.46,ns,,2.41377e+07,,,
"Alp_String_Rapid_StoreHash_LF85_Quadratic/Erase/512",31967,22166.8,22025,ns,,2.32464e+07,,,
"Alp_String_Rapid_StoreHash_LF85_Quadratic/Erase/4096",4102,171953,170733,ns,,2.39907e+07,,,
"Alp_String_Rapid_StoreHash_LF85_Quadratic/Erase/32768",502,1.48112e+06,1.46985e+06,ns,,2.22934e+07,,,
"Alp_String_Rapid_StoreHash_LF85_Quadratic/Erase/262144",29,2.37612e+07,2.35688e+07,ns,,1.11225e+07,,,
"Alp_String_Rapid_StoreHash_LF85_Quadratic/Erase/2097152",2,3.16142e+08,3.13795e+08,ns,,6.68319e+06,,,
"Alp_String_Rapid_StoreHash_LF85_Quadratic/Erase/4194304",1,7.06484e+08,7.01359e+08,ns,,5.98025e+06,,,
"Alp_String_Rapid_StoreHash_LF85_Quadratic/Iterate/8",37428655,18.6497,18.5352,ns,,4.31611e+08,,,
"Alp_String_Rapid_StoreHash_LF85_Quadratic/Iterate/64",5220761,135.414,134.549,ns,,4.75661e+08,,,
"Alp_String_Rapid_StoreHash_LF85_Quadratic/Iterate/512",664271,1061.53,1053.91,ns,,4.85811e+08,,,
"Alp_String_Rapid_StoreHash_LF85_Quadratic/Iterate/4096",83777,8386.13,8330.61,ns,,4.91681e+08,,,
"Alp_String_Rapid_StoreHash_LF85_Quadratic/Iterate/32768",8115,85443.7,84781.6,ns,,3.86499e+08,,,
"Alp_String_Rapid_StoreHash_LF85_Quadratic/Iterate/262144",751,936220,929480,ns,,2.82033e+08,,,
"Alp_String_Rapid_StoreHash_LF85_Quadratic/Iterate/2097152",94,7.50252e+06,7.45099e+06,ns,,2.8146e+08,,,
"Alp_String_Rapid_StoreHash_LF85_Quadratic/Iterate/4194304",47,1.51314e+07,1.50199e+07,ns,,2.7925e+08,,,
"Alp_String_Rapid_StoreHash_LF90_Linear/Insert/8",2224132,306.465,304.652,ns,,2.62595e+07,,,
"Alp_String_Rapid_StoreHash_LF90_Linear/Insert/64",134513,5358.08,5324.82,ns,,1.20192e+07,,,
"Alp_String_Rapid_StoreHash_LF90_Linear/Insert/512",15806,45692.9,45387.5,ns,,1.12807e+07,,,
"Alp_String_Rapid_StoreHash_LF90_Linear/Insert/4096",1805,388765,386062,ns,,1.06097e+07,,,
"Alp_String_Rapid_StoreHash_LF90_Linear/Insert/32768",181,3.90078e+06,3.87141e+06,ns,,8.46409e+06,,,
"Alp_String_Rapid_StoreHash_LF90_Linear/Insert/262144",12,5.44392e+07,5.40353e+07,ns,,4.85135e+06,,,
"Alp_String_Rapid_StoreHash_LF90_Linear/Insert/2097152",1,8.51944e+08,8.45607e+08,ns,,2.48006e+06,,,
"Alp_String_Rapid_StoreHash_LF90_Linear/Insert/4194304",1,1.42761e+09,1.41698e+09,ns,,2.96002e+06,,,
"Alp_String_Rapid_StoreHash_LF90_Linear/LookupHit/8",4224148,165.988,164.977,ns,,4.84916e+07,,,
"Alp_String_Rapid_StoreHash_LF90_Linear/LookupHit/64",518497,1361.5,1353.56,ns,,4.72827e+07,,,
"Alp_String_Rapid_StoreHash_LF90_Linear/LookupHit/512",65902,10759.8,10697,ns,,4.78639e+07,,,
"Alp_String_Rapid_StoreHash_LF90_Linear/LookupHit/4096",7821,90793.5,90110.5,ns,,4.54553e+07,,,
"Alp_String_Rapid_StoreHash_LF90_Linear/LookupHit/32768",836,846345,839915,ns,,3.90135e+07,,,
"Alp_String_Rapid_StoreHash_LF90_Linear/LookupHit/262144",49,1.48344e+07,1.47208e+07,ns,,1.78078e+07,,,
"Alp_String_Rapid_StoreHash_LF90_Linear/LookupHit/2097152",3,2.2328e+08,2.21591e+08,ns,,9.46405e+06,,,
"Alp_String_Rapid_StoreHash_LF90_Linear/LookupHit/4194304",2,4.92021e+08,4.88303e+08,ns,,8.58956e+06,,,
"Alp_String_Rapid_StoreHash_LF90_Linear/LookupMiss/8",4733716,148.541,147.67,ns,,5.41749e+07,,,
"Alp_String_Rapid_StoreHash_LF90_Linear/LookupMiss/64",580788,1212.37,1204.82,ns,,5.31199e+07,,,
"Alp_String_Rapid_StoreHash_LF90_Linear/LookupMiss/512",71313,9884.22,9825.64,ns,,5.21086e+07,,,
"Alp_String_Rapid_StoreHash_LF90_Linear/LookupMiss/4096",8587,81351.8,80818.6,ns,,5.06814e+07,,,
"Alp_String_Rapid_StoreHash_LF90_Linear/LookupMiss/32768",1005,688060,683102,ns,,4.79694e+07,,,
"Alp_String_Rapid_StoreHash_LF90_Linear/LookupMiss/262144",95,7.10792e+06,7.05346e+06,ns,,3.71653e+07,,,
"Alp_String_Rapid_StoreHash_LF90_Linear/LookupMiss/2097152",8,8.1695e+07,8.10929e+07,ns,,2.58611e+07,,,
"Alp_String_Rapid_StoreHash_LF90_Linear/LookupMiss/4194304",4,1.87991e+08,1.86648e+08,ns,,2.24717e+07,,,
"Alp_String_Rapid_StoreHash_LF90_Linear/Erase/8",827003,822.052,818.59,ns,,9.7729e+06,,,
"Alp_String_Rapid_StoreHash_LF90_Linear/Erase/64",262435,2693.4,2672.02,ns,,2.39519e+07,,,
"Alp_String_Rapid_StoreHash_LF90_Linear/Erase/512",32819,20759.6,20630.9,ns,,2.48172e+07,,,
"Alp_String_Rapid_StoreHash_LF90_Linear/Erase/4096",4063,174160,173000,ns,,2.36763e+07,,,
"Alp_String_Rapid_StoreHash_LF90_Linear/Erase/32768",484,1.49867e+06,1.48739e+06,ns,,2.20305e+07,,,
"Alp_String_Rapid_StoreHash_LF90_Linear/Erase/262144",30,2.56692e+07,2.54698e+07,ns,,1.02923e+07,,,
"Alp_String_Rapid_StoreHash_LF90_Linear/Erase/2097152",2,3.20869e+08,3.18375e+08,ns,,6.58705e+06,,,
"Alp_String_Rapid_StoreHash_LF90_Linear/Erase/4194304",1,7.13887e+08,7.08791e+08,ns,,5.91755e+06,,,
"Alp_String_Rapid_StoreHash_LF90_Linear/Iterate/8",33188966,21.3031,21.1767,ns,,3.77773e+08,,,
"Alp_String_Rapid_StoreHash_LF90_Linear/Iterate/64",4816548,146.744,145.884,ns,,4.38705e+08,,,
"Alp_String_Rapid_StoreHash_LF90_Linear/Iterate/512",580815,1194.71,1187.46,ns,,4.31173e+08,,,
"Alp_String_Rapid_StoreHash_LF90_Linear/Iterate/4096",73601,9579.45,9521.75,ns,,4.30173e+08,,,
"Alp_String_Rapid_StoreHash_LF90_Linear/Iterate/32768",7670,91910.7,91366.9,ns,,3.58642e+08,,,
"Alp_String_Rapid_StoreHash_LF90_Linear/Iterate/262144",728,969787,962858,ns,,2.72256e+08,,,
"Alp_String_Rapid_StoreHash_LF90_Linear/Iterate/2097152",91,7.77207e+06,7.71489e+06,ns,,2.71832e+08,,,
"Alp_String_Rapid_StoreHash_LF90_Linear/Iterate/4194304",45,1.55725e+07,1.54664e+07,ns,,2.71189e+08,,,
"Alp_String_Rapid_StoreHash_LF90_Quadratic/Insert/8",2267072,311.668,309.731,ns,,2.58289e+07,,,
"Alp_String_Rapid_StoreHash_LF90_Quadratic/Insert/64",123726,5329.41,5296.82,ns,,1.20827e+07,,,
"Alp_String_Rapid_StoreHash_LF90_Quadratic/Insert/512",15817,45135,44841.7,ns,,1.1418e+07,,,
"Alp_String_Rapid_StoreHash_LF90_Quadratic/Insert/4096",1822,390149,387308,ns,,1.05756e+07,,,
"Alp_String_Rapid_StoreHash_LF90_Quadratic/Insert/32768",183,3.85416e+06,3.82485e+06,ns,,8.56713e+06,,,
"Alp_String_Rapid_StoreHash_LF90_Quadratic/Insert/262144",12,5.17239e+07,5.13306e+07,ns,,5.10697e+06,,,
"Alp_String_Rapid_StoreHash_LF90_Quadratic/Insert/2097152",1,8.34497e+08,8.28241e+08,ns,,2.53206e+06,,,
"Alp_String_Rapid_StoreHash_LF90_Quadratic/Insert/4194304",1,1.42569e+09,1.41493e+09,ns,,2.96431e+06,,,
"Alp_String_Rapid_StoreHash_LF90_Quadratic/LookupHit/8",4234952,173.801,172.561,ns,,4.63603e+07,,,
"Alp_String_Rapid_StoreHash_LF90_Quadratic/LookupHit/64",511564,1379.6,1370.93,ns,,4.66837e+07,,,
"Alp_String_Rapid_StoreHash_LF90_Quadratic/LookupHit/512",65361,10821.1,10748.3,ns,,4.76355e+07,,,
"Alp_String_Rapid_StoreHash_LF90_Quadratic/LookupHit/4096",7810,91705.5,91024.7,ns,,4.49988e+07,,,
"Alp_String_Rapid_StoreHash_LF90_Quadratic/LookupHit/32768",847,832388,826525,ns,,3.96455e+07,,,
"Alp_String_Rapid_StoreHash_LF90_Quadratic/LookupHit/262144",50,1.42759e+07,1.41703e+07,ns,,1.84995e+07,,,
"Alp_String_Rapid_StoreHash_LF90_Quadratic/LookupHit/2097152",3,2.17443e+08,2.15889e+08,ns,,9.71403e+06,,,
"Alp_String_Rapid_StoreHash_LF90_Quadratic/LookupHit/4194304",1,5.0764e+08,5.03939e+08,ns,,8.32304e+06,,,
"Alp_String_Rapid_StoreHash_LF90_Quadratic/LookupMiss/8",4593932,154.896,153.95,ns,,5.19649e+07,,,
"Alp_String_Rapid_StoreHash_LF90_Quadratic/LookupMiss/64",562900,1249.6,1242.49,ns,,5.15097e+07,,,
"Alp_String_Rapid_StoreHash_LF90_Quadratic/LookupMiss/512",69166,10251.3,10188.1,ns,,5.02546e+07,,,
"Alp_String_Rapid_StoreHash_LF90_Quadratic/LookupMiss/4096",8374,84138.1,83589.3,ns,,4.90015e+07,,,
"Alp_String_Rapid_StoreHash_LF90_Quadratic/LookupMiss/32768",992,715739,710509,ns,,4.6119e+07,,,
"Alp_String_Rapid_StoreHash_LF90_Quadratic/LookupMiss/262144",94,7.36999e+06,7.3124e+06,ns,,3.58493e+07,,,
"Alp_String_Rapid_StoreHash_LF90_Quadratic/LookupMiss/2097152",8,8.37389e+07,8.31126e+07,ns,,2.52327e+07,,,
"Alp_String_Rapid_StoreHash_LF90_Quadratic/LookupMiss/4194304",4,1.93999e+08,1.926e+08,ns,,2.17773e+07,,,
"Alp_String_Rapid_StoreHash_LF90_Quadratic/Erase/8",852727,828.693,820.461,ns,,9.75062e+06,,,
"Alp_String_Rapid_StoreHash_LF90_Quadratic/Erase/64",256106,2733.9,2709.85,ns,,2.36175e+07,,,
"Alp_String_Rapid_StoreHash_LF90_Quadratic/Erase/512",33469,21104.3,20972.4,ns,,2.4413e+07,,,
"Alp_String_Rapid_StoreHash_LF90_Quadratic/Erase/4096",4090,174322,173130,ns,,2.36586e+07,,,
"Alp_String_Rapid_StoreHash_LF90_Quadratic/Erase/32768",495,1.48196e+06,1.47084e+06,ns,,2.22784e+07,,,
"Alp_String_Rapid_StoreHash_LF90_Quadratic/Erase/262144",32,2.39986e+07,2.38112e+07,ns,,1.10093e+07,,,
"Alp_String_Rapid_StoreHash_LF90_Quadratic/Erase/2097152",2,3.18236e+08,3.15644e+08,ns,,6.64404e+06,,,
"Alp_String_Rapid_StoreHash_LF90_Quadratic/Erase/4194304",1,7.06035e+08,7.0057e+08,ns,,5.98699e+06,,,
"Alp_String_Rapid_StoreHash_LF90_Quadratic/Iterate/8",33664767,20.9264,20.8017,ns,,3.84584e+08,,,
"Alp_String_Rapid_StoreHash_LF90_Quadratic/Iterate/64",4893429,144.728,143.778,ns,,4.45131e+08,,,
"Alp_String_Rapid_StoreHash_LF90_Quadratic/Iterate/512",597891,1185.39,1177.41,ns,,4.34854e+08,,,
"Alp_String_Rapid_StoreHash_LF90_Quadratic/Iterate/4096",73647,9454.16,9392.68,ns,,4.36084e+08,,,
"Alp_String_Rapid_StoreHash_LF90_Quadratic/Iterate/32768",7780,90054.1,89517,ns,,3.66053e+08,,,
"Alp_String_Rapid_StoreHash_LF90_Quadratic/Iterate/262144",743,968375,961745,ns,,2.72571e+08,,,
"Alp_String_Rapid_StoreHash_LF90_Quadratic/Iterate/2097152",87,7.80453e+06,7.74954e+06,ns,,2.70616e+08,,,
"Alp_String_Rapid_StoreHash_LF90_Quadratic/Iterate/4194304",45,1.54328e+07,1.53276e+07,ns,,2.73645e+08,,,
"Alp_String_Rapid_NoStoreHash_LF875_Linear/Insert/8",2295681,307.767,305.893,ns,,2.61529e+07,,,
"Alp_String_Rapid_NoStoreHash_LF875_Linear/Insert/64",128986,5396.47,5364.17,ns,,1.1931e+07,,,
"Alp_String_Rapid_NoStoreHash_LF875_Linear/Insert/512",15091,46004.6,45716.9,ns,,1.11994e+07,,,
"Alp_String_Rapid_NoStoreHash_LF875_Linear/Insert/4096",1781,394820,392025,ns,,1.04483e+07,,,
"Alp_String_Rapid_NoStoreHash_LF875_Linear/Insert/32768",167,4.44434e+06,4.41134e+06,ns,,7.42812e+06,,,
"Alp_String_Rapid_NoStoreHash_LF875_Linear/Insert/262144",13,5.80135e+07,5.75801e+07,ns,,4.55268e+06,,,
"Alp_String_Rapid_NoStoreHash_LF875_Linear/Insert/2097152",1,1.13728e+09,1.12869e+09,ns,,1.85804e+06,,,
"Alp_String_Rapid_NoStoreHash_LF875_Linear/Insert/4194304",1,1.95496e+09,1.94075e+09,ns,,2.16117e+06,,,
"Alp_String_Rapid_NoStoreHash_LF875_Linear/LookupHit/8",4226635,166.311,165.29,ns,,4.83998e+07,,,
"Alp_String_Rapid_NoStoreHash_LF875_Linear/LookupHit/64",505748,1363.95,1356.22,ns,,4.71901e+07,,,
"Alp_String_Rapid_NoStoreHash_LF875_Linear/LookupHit/512",65673,10729.1,10660.7,ns,,4.80267e+07,,,
"Alp_String_Rapid_NoStoreHash_LF875_Linear/LookupHit/4096",7823,90536.5,89874.3,ns,,4.55748e+07,,,
"Alp_String_Rapid_NoStoreHash_LF875_Linear/LookupHit/32768",838,831887,825780,ns,,3.96813e+07,,,
"Alp_String_Rapid_NoStoreHash_LF875_Linear/LookupHit/262144",42,1.40264e+07,1.39152e+07,ns,,1.88386e+07,,,
"Alp_String_Rapid_NoStoreHash_LF875_Linear/LookupHit/2097152",3,2.15918e+08,2.14316e+08,ns,,9.78535e+06,,,
"Alp_String_Rapid_NoStoreHash_LF875_Linear/LookupHit/4194304",2,4.81828e+08,4.78385e+08,ns,,8.76763e+06,,,
"Alp_String_Rapid_NoStoreHash_LF875_Linear/LookupMiss/8",4600425,157.694,156.594,ns,,5.10876e+07,,,
"Alp_String_Rapid_NoStoreHash_LF875_Linear/LookupMiss/64",562607,1252.18,1244.36,ns,,5.1432e+07,,,
"Alp_String_Rapid_NoStoreHash_LF875_Linear/LookupMiss/512",68991,10216,10156.6,ns,,5.04108e+07,,,
"Alp_String_Rapid_NoStoreHash_LF875_Linear/LookupMiss/4096",8382,83646.4,83060.3,ns,,4.93136e+07,,,
"Alp_String_Rapid_NoStoreHash_LF875_Linear/LookupMiss/32768",1000,715324,710217,ns,,4.6138e+07,,,
"Alp_String_Rapid_NoStoreHash_LF875_Linear/LookupMiss/262144",94,7.65651e+06,7.59801e+06,ns,,3.45017e+07,,,
"Alp_String_Rapid_NoStoreHash_LF875_Linear/LookupMiss/2097152",8,8.30187e+07,8.24367e+07,ns,,2.54395e+07,,,
"Alp_String_Rapid_NoStoreHash_LF875_Linear/LookupMiss/4194304",4,1.91578e+08,1.90219e+08,ns,,2.20499e+07,,,
"Alp_String_Rapid_NoStoreHash_LF875_Linear/Erase/8",852347,853.458,843.74,ns,,9.48159e+06,,,
"Alp_String_Rapid_NoStoreHash_LF875_Linear/Erase/64",262531,2709.92,2682.84,ns,,2.38553e+07,,,
"Alp_String_Rapid_NoStoreHash_LF875_Linear/Erase/512",32865,21243.3,21099.3,ns,,2.42662e+07,,,
"Alp_String_Rapid_NoStoreHash_LF875_Linear/Erase/4096",4031,175443,174292,ns,,2.35009e+07,,,
"Alp_String_Rapid_NoStoreHash_LF875_Linear/Erase/32768",496,1.46146e+06,1.45113e+06,ns,,2.25811e+07,,,
"Alp_String_Rapid_NoStoreHash_LF875_Linear/Erase/262144",35,2.2043e+07,2.18814e+07,ns,,1.19802e+07,,,
"Alp_String_Rapid_NoStoreHash_LF875_Linear/Erase/2097152",2,3.27091e+08,3.24744e+08,ns,,6.45787e+06,,,
"Alp_String_Rapid_NoStoreHash_LF875_Linear/Erase/4194304",1,7.21979e+08,7.16412e+08,ns,,5.8546e+06,,,
"Alp_String_Rapid_NoStoreHash_LF875_Linear/Iterate/8",33657015,20.6986,20.5761,ns,,3.88801e+08,,,
"Alp_String_Rapid_NoStoreHash_LF875_Linear/Iterate/64",4993266,143.342,142.476,ns,,4.49199e+08,,,
"Alp_String_Rapid_NoStoreHash_LF875_Linear/Iterate/512",613807,1155.65,1148.11,ns,,4.45949e+08,,,
"Alp_String_Rapid_NoStoreHash_LF875_Linear/Iterate/4096",76393,9219.21,9166.89,ns,,4.46826e+08,,,
"Alp_String_Rapid_NoStoreHash_LF875_Linear/Iterate/32768",7888,86983.6,86493.9,ns,,3.78848e+08,,,
"Alp_String_Rapid_NoStoreHash_LF875_Linear/Iterate/262144",739,969649,962662,ns,,2.72312e+08,,,
"Alp_String_Rapid_NoStoreHash_LF875_Linear/Iterate/2097152",92,7.74158e+06,7.68954e+06,ns,,2.72728e+08,,,
"Alp_String_Rapid_NoStoreHash_LF875_Linear/Iterate/4194304",45,1.54342e+07,1.53287e+07,ns,,2.73625e+08,,,
"Alp_String_Rapid_NoStoreHash_LF875_Quadratic/Insert/8",2249361,315.901,314.041,ns,,2.54744e+07,,,
"Alp_String_Rapid_NoStoreHash_LF875_Quadratic/Insert/64",127271,5544.17,5511.72,ns,,1.16116e+07,,,
"Alp_String_Rapid_NoStoreHash_LF875_Quadratic/Insert/512",13948,50335,50033.4,ns,,1.02332e+07,,,
"Alp_String_Rapid_NoStoreHash_LF875_Quadratic/Insert/4096",1667,408680,405868,ns,,1.0092e+07,,,
"Alp_String_Rapid_NoStoreHash_LF875_Quadratic/Insert/32768",164,4.27072e+06,4.23941e+06,ns,,7.72938e+06,,,
"Alp_String_Rapid_NoStoreHash_LF875_Quadratic/Insert/262144",11,6.0118e+07,5.96919e+07,ns,,4.39161e+06,,,
"Alp_String_Rapid_NoStoreHash_LF875_Quadratic/Insert/2097152",1,1.1758e+09,1.16716e+09,ns,,1.7968e+06,,,
"Alp_String_Rapid_NoStoreHash_LF875_Quadratic/Insert/4194304",1,1.908e+09,1.89416e+09,ns,,2.21433e+06,,,
"Alp_String_Rapid_NoStoreHash_LF875_Quadratic/LookupHit/8",4272785,164.698,163.712,ns,,4.88663e+07,,,
"Alp_String_Rapid_NoStoreHash_LF875_Quadratic/LookupHit/64",518506,1376.38,1368.33,ns,,4.67725e+07,,,
"Alp_String_Rapid_NoStoreHash_LF875_Quadratic/LookupHit/512",65899,10699.7,10634.7,ns,,4.81444e+07,,,
"Alp_String_Rapid_NoStoreHash_LF875_Quadratic/LookupHit/4096",7844,89970.9,89363.2,ns,,4.58354e+07,,,
"Alp_String_Rapid_NoStoreHash_LF875_Quadratic/LookupHit/32768",841,825857,819844,ns,,3.99686e+07,,,
"Alp_String_Rapid_NoStoreHash_LF875_Quadratic/LookupHit/262144",41,1.37578e+07,1.36591e+07,ns,,1.91919e+07,,,
"Alp_String_Rapid_NoStoreHash_LF875_Quadratic/LookupHit/2097152",3,2.07985e+08,2.06516e+08,ns,,1.01549e+07,,,
"Alp_String_Rapid_NoStoreHash_LF875_Quadratic/LookupHit/4194304",2,4.59879e+08,4.56646e+08,ns,,9.18502e+06,,,
"Alp_String_Rapid_NoStoreHash_LF875_Quadratic/LookupMiss/8",4692864,150.039,149.194,ns,,5.36215e+07,,,
"Alp_String_Rapid_NoStoreHash_LF875_Quadratic/LookupMiss/64",574192,1228.2,1221.26,ns,,5.2405e+07,,,
"Alp_String_Rapid_NoStoreHash_LF875_Quadratic/LookupMiss/512",70386,10019.9,9959.02,ns,,5.14107e+07,,,
"Alp_String_Rapid_NoStoreHash_LF875_Quadratic/LookupMiss/4096",8519,85186.3,84595.3,ns,,4.84188e+07,,,
"Alp_String_Rapid_NoStoreHash_LF875_Quadratic/LookupMiss/32768",1022,690659,685654,ns,,4.77909e+07,,,
"Alp_String_Rapid_NoStoreHash_LF875_Quadratic/LookupMiss/262144",83,7.04605e+06,6.99556e+06,ns,,3.74729e+07,,,
"Alp_String_Rapid_NoStoreHash_LF875_Quadratic/LookupMiss/2097152",8,8.30706e+07,8.2356e+07,ns,,2.54645e+07,,,
"Alp_String_Rapid_NoStoreHash_LF875_Quadratic/LookupMiss/4194304",3,1.89284e+08,1.87801e+08,ns,,2.23338e+07,,,
"Alp_String_Rapid_NoStoreHash_LF875_Quadratic/Erase/8",862675,821.202,815.297,ns,,9.81237e+06,,,
"Alp_String_Rapid_NoStoreHash_LF875_Quadratic/Erase/64",264069,2673.45,2644.38,ns,,2.42023e+07,,,
"Alp_String_Rapid_NoStoreHash_LF875_Quadratic/Erase/512",31461,22651.1,22349.9,ns,,2.29084e+07,,,
"Alp_String_Rapid_NoStoreHash_LF875_Quadratic/Erase/4096",4094,178190,175806,ns,,2.32984e+07,,,
"Alp_String_Rapid_NoStoreHash_LF875_Quadratic/Erase/32768",432,1.45579e+06,1.43482e+06,ns,,2.28376e+07,,,
"Alp_String_Rapid_NoStoreHash_LF875_Quadratic/Erase/262144",29,2.14111e+07,2.11041e+07,ns,,1.24215e+07,,,
"Alp_String_Rapid_NoStoreHash_LF875_Quadratic/Erase/2097152",2,3.26188e+08,3.21473e+08,ns,,6.52358e+06,,,
"Alp_String_Rapid_NoStoreHash_LF875_Quadratic/Erase/4194304",1,7.23025e+08,7.14192e+08,ns,,5.8728e+06,,,
"Alp_String_Rapid_NoStoreHash_LF875_Quadratic/Iterate/8",38375467,18.3197,18.191,ns,,4.39778e+08,,,
"Alp_String_Rapid_NoStoreHash_LF875_Quadratic/Iterate/64",5430706,130.005,129.092,ns,,4.95769e+08,,,
"Alp_String_Rapid_NoStoreHash_LF875_Quadratic/Iterate/512",676504,1045.12,1037.79,ns,,4.93355e+08,,,
"Alp_String_Rapid_NoStoreHash_LF875_Quadratic/Iterate/4096",84955,8331.9,8269.47,ns,,4.95316e+08,,,
"Alp_String_Rapid_NoStoreHash_LF875_Quadratic/Iterate/32768",9280,75267.3,74701.4,ns,,4.38653e+08,,,
"Alp_String_Rapid_NoStoreHash_LF875_Quadratic/Iterate/262144",753,934663,926408,ns,,2.82968e+08,,,
"Alp_String_Rapid_NoStoreHash_LF875_Quadratic/Iterate/2097152",94,7.52765e+06,7.46675e+06,ns,,2.80866e+08,,,
"Alp_String_Rapid_NoStoreHash_LF875_Quadratic/Iterate/4194304",47,1.50062e+07,1.49011e+07,ns,,2.81476e+08,,,
"Alp_String_Rapid_NoStoreHash_LF85_Linear/Insert/8",2301558,308.368,306.597,ns,,2.60929e+07,,,
"Alp_String_Rapid_NoStoreHash_LF85_Linear/Insert/64",133002,5352.75,5319.34,ns,,1.20316e+07,,,
"Alp_String_Rapid_NoStoreHash_LF85_Linear/Insert/512",15950,44879,44595.1,ns,,1.14811e+07,,,
"Alp_String_Rapid_NoStoreHash_LF85_Linear/Insert/4096",1782,398212,395154,ns,,1.03656e+07,,,
"Alp_String_Rapid_NoStoreHash_LF85_Linear/Insert/32768",157,4.45017e+06,4.41628e+06,ns,,7.41983e+06,,,
"Alp_String_Rapid_NoStoreHash_LF85_Linear/Insert/262144",13,5.82911e+07,5.78464e+07,ns,,4.53173e+06,,,
"Alp_String_Rapid_NoStoreHash_LF85_Linear/Insert/2097152",1,1.07573e+09,1.06774e+09,ns,,1.9641e+06,,,
"Alp_String_Rapid_NoStoreHash_LF85_Linear/Insert/4194304",1,2.13738e+09,2.12128e+09,ns,,1.97725e+06,,,
"Alp_String_Rapid_NoStoreHash_LF85_Linear/LookupHit/8",4327711,162.552,161.631,ns,,4.94953e+07,,,
"Alp_String_Rapid_NoStoreHash_LF85_Linear/LookupHit/64",525828,1343.2,1335.12,ns,,4.79358e+07,,,
"Alp_String_Rapid_NoStoreHash_LF85_Linear/LookupHit/512",66894,10514.4,10453.9,ns,,4.89769e+07,,,
"Alp_String_Rapid_NoStoreHash_LF85_Linear/LookupHit/4096",7961,88605.3,87977.8,ns,,4.65572e+07,,,
"Alp_String_Rapid_NoStoreHash_LF85_Linear/LookupHit/32768",849,818340,812671,ns,,4.03214e+07,,,
"Alp_String_Rapid_NoStoreHash_LF85_Linear/LookupHit/262144",51,1.53317e+07,1.52138e+07,ns,,1.72307e+07,,,
"Alp_String_Rapid_NoStoreHash_LF85_Linear/LookupHit/2097152",3,2.14821e+08,2.13268e+08,ns,,9.83342e+06,,,
"Alp_String_Rapid_NoStoreHash_LF85_Linear/LookupHit/4194304",2,4.67738e+08,4.64262e+08,ns,,9.03435e+06,,,
"Alp_String_Rapid_NoStoreHash_LF85_Linear/LookupMiss/8",4586201,156.855,155.747,ns,,5.13653e+07,,,
"Alp_String_Rapid_NoStoreHash_LF85_Linear/LookupMiss/64",563169,1275.33,1267.32,ns,,5.05003e+07,,,
"Alp_String_Rapid_NoStoreHash_LF85_Linear/LookupMiss/512",69216,10225.2,10162.1,ns,,5.03835e+07,,,
"Alp_String_Rapid_NoStoreHash_LF85_Linear/LookupMiss/4096",8395,83745.5,83181.7,ns,,4.92416e+07,,,
"Alp_String_Rapid_NoStoreHash_LF85_Linear/LookupMiss/32768",998,707485,702361,ns,,4.66541e+07,,,
"Alp_String_Rapid_NoStoreHash_LF85_Linear/LookupMiss/262144",96,7.47852e+06,7.42385e+06,ns,,3.5311e+07,,,
"Alp_String_Rapid_NoStoreHash_LF85_Linear/LookupMiss/2097152",8,8.32044e+07,8.25788e+07,ns,,2.53958e+07,,,
"Alp_String_Rapid_NoStoreHash_LF85_Linear/LookupMiss/4194304",4,1.96778e+08,1.95294e+08,ns,,2.14768e+07,,,
"Alp_String_Rapid_NoStoreHash_LF85_Linear/Erase/8",865873,818.922,817.998,ns,,9.77997e+06,,,
"Alp_String_Rapid_NoStoreHash_LF85_Linear/Erase/64",264453,2655.54,2639.09,ns,,2.42508e+07,,,
"Alp_String_Rapid_NoStoreHash_LF85_Linear/Erase/512",31817,22545.4,22405.1,ns,,2.28519e+07,,,
"Alp_String_Rapid_NoStoreHash_LF85_Linear/Erase/4096",3992,175063,173908,ns,,2.35526e+07,,,
"Alp_String_Rapid_NoStoreHash_LF85_Linear/Erase/32768",498,1.46097e+06,1.44994e+06,ns,,2.25995e+07,,,
"Alp_String_Rapid_NoStoreHash_LF85_Linear/Erase/262144",32,2.1021e+07,2.08683e+07,ns,,1.25618e+07,,,
"Alp_String_Rapid_NoStoreHash_LF85_Linear/Erase/2097152",2,3.27068e+08,3.24648e+08,ns,,6.45976e+06,,,
"Alp_String_Rapid_NoStoreHash_LF85_Linear/Erase/4194304",1,7.45012e+08,7.38977e+08,ns,,5.67583e+06,,,
"Alp_String_Rapid_NoStoreHash_LF85_Linear/Iterate/8",33470029,20.9114,20.7816,ns,,3.84955e+08,,,
"Alp_String_Rapid_NoStoreHash_LF85_Linear/Iterate/64",4803033,145.483,144.57,ns,,4.42691e+08,,,
"Alp_String_Rapid_NoStoreHash_LF85_Linear/Iterate/512",597876,1186.59,1179.47,ns,,4.34093e+08,,,
"Alp_String_Rapid_NoStoreHash_LF85_Linear/Iterate/4096",74759,9460.29,9406.08,ns,,4.35463e+08,,,
"Alp_String_Rapid_NoStoreHash_LF85_Linear/Iterate/32768",7880,86458.2,85933.6,ns,,3.81318e+08,,,
"Alp_String_Rapid_NoStoreHash_LF85_Linear/Iterate/262144",739,961266,954570,ns,,2.7462e+08,,,
"Alp_String_Rapid_NoStoreHash_LF85_Linear/Iterate/2097152",91,7.70201e+06,7.64832e+06,ns,,2.74198e+08,,,
"Alp_String_Rapid_NoStoreHash_LF85_Linear/Iterate/4194304",45,1.53374e+07,1.52337e+07,ns,,2.75331e+08,,,
"Alp_String_Rapid_NoStoreHash_LF85_Quadratic/Insert/8",2247560,307.265,305.518,ns,,2.61851e+07,,,
"Alp_String_Rapid_NoStoreHash_LF85_Quadratic/Insert/64",132085,5470.6,5435.28,ns,,1.17749e+07,,,
"Alp_String_Rapid_NoStoreHash_LF85_Quadratic/Insert/512",15008,47149.9,46853.1,ns,,1.09278e+07,,,
"Alp_String_Rapid_NoStoreHash_LF85_Quadratic/Insert/4096",1758,393203,390408,ns,,1.04916e+07,,,
"Alp_String_Rapid_NoStoreHash_LF85_Quadratic/Insert/32768",169,4.52622e+06,4.4934e+06,ns,,7.29248e+06,,,
"Alp_String_Rapid_NoStoreHash_LF85_Quadratic/Insert/262144",11,6.11812e+07,6.07062e+07,ns,,4.31824e+06,,,
"Alp_String_Rapid_NoStoreHash_LF85_Quadratic/Insert/2097152",1,1.06803e+09,1.06016e+09,ns,,1.97814e+06,,,
"Alp_String_Rapid_NoStoreHash_LF85_Quadratic/Insert/4194304",1,1.89487e+09,1.88102e+09,ns,,2.2298e+06,,,
"Alp_String_Rapid_NoStoreHash_LF85_Quadratic/LookupHit/8",4205202,167.235,166.244,ns,,4.81221e+07,,,
"Alp_String_Rapid_NoStoreHash_LF85_Quadratic/LookupHit/64",508755,1387.03,1378.26,ns,,4.64353e+07,,,
"Alp_String_Rapid_NoStoreHash_LF85_Quadratic/LookupHit/512",64819,10902.5,10838.8,ns,,4.72377e+07,,,
"Alp_String_Rapid_NoStoreHash_LF85_Quadratic/LookupHit/4096",7668,91959.8,91315.1,ns,,4.48557e+07,,,
"Alp_String_Rapid_NoStoreHash_LF85_Quadratic/LookupHit/32768",824,837126,831260,ns,,3.94197e+07,,,
"Alp_String_Rapid_NoStoreHash_LF85_Quadratic/LookupHit/262144",52,1.4462e+07,1.43489e+07,ns,,1.82693e+07,,,
"Alp_String_Rapid_NoStoreHash_LF85_Quadratic/LookupHit/2097152",3,2.0685e+08,2.05337e+08,ns,,1.02132e+07,,,
"Alp_String_Rapid_NoStoreHash_LF85_Quadratic/LookupHit/4194304",2,4.63356e+08,4.60008e+08,ns,,9.1179e+06,,,
"Alp_String_Rapid_NoStoreHash_LF85_Quadratic/LookupMiss/8",4602168,153.21,152.314,ns,,5.25231e+07,,,
"Alp_String_Rapid_NoStoreHash_LF85_Quadratic/LookupMiss/64",562807,1258.68,1251.24,ns,,5.11493e+07,,,
"Alp_String_Rapid_NoStoreHash_LF85_Quadratic/LookupMiss/512",69130,10225.5,10163.4,ns,,5.03771e+07,,,
"Alp_String_Rapid_NoStoreHash_LF85_Quadratic/LookupMiss/4096",8396,83517.5,82951.8,ns,,4.93781e+07,,,
"Alp_String_Rapid_NoStoreHash_LF85_Quadratic/LookupMiss/32768",996,706035,701087,ns,,4.67388e+07,,,
"Alp_String_Rapid_NoStoreHash_LF85_Quadratic/LookupMiss/262144",91,7.40896e+06,7.35233e+06,ns,,3.56545e+07,,,
"Alp_String_Rapid_NoStoreHash_LF85_Quadratic/LookupMiss/2097152",8,8.32789e+07,8.26515e+07,ns,,2.53734e+07,,,
"Alp_String_Rapid_NoStoreHash_LF85_Quadratic/LookupMiss/4194304",4,2.03325e+08,2.01882e+08,ns,,2.0776e+07,,,
"Alp_String_Rapid_NoStoreHash_LF85_Quadratic/Erase/8",843631,835.53,829.542,ns,,9.64388e+06,,,
"Alp_String_Rapid_NoStoreHash_LF85_Quadratic/Erase/64",259272,2738.48,2713.58,ns,,2.35851e+07,,,
"Alp_String_Rapid_NoStoreHash_LF85_Quadratic/Erase/512",30845,22904.2,22745.1,ns,,2.25104e+07,,,
"Alp_String_Rapid_NoStoreHash_LF85_Quadratic/Erase/4096",3953,177158,175938,ns,,2.3281e+07,,,
"Alp_String_Rapid_NoStoreHash_LF85_Quadratic/Erase/32768",492,1.4725e+06,1.46124e+06,ns,,2.24247e+07,,,
"Alp_String_Rapid_NoStoreHash_LF85_Quadratic/Erase/262144",30,2.20522e+07,2.18883e+07,ns,,1.19765e+07,,,
"Alp_String_Rapid_NoStoreHash_LF85_Quadratic/Erase/2097152",2,3.35462e+08,3.32966e+08,ns,,6.29839e+06,,,
"Alp_String_Rapid_NoStoreHash_LF85_Quadratic/Erase/4194304",1,7.36189e+08,7.30668e+08,ns,,5.74037e+06,,,
"Alp_String_Rapid_NoStoreHash_LF85_Quadratic/Iterate/8",34325860,20.9077,20.7818,ns,,3.84952e+08,,,
"Alp_String_Rapid_NoStoreHash_LF85_Quadratic/Iterate/64",4996404,141.614,140.693,ns,,4.5489e+08,,,
"Alp_String_Rapid_NoStoreHash_LF85_Quadratic/Iterate/512",611746,1180.78,1172.86,ns,,4.3654e+08,,,
"Alp_String_Rapid_NoStoreHash_LF85_Quadratic/Iterate/4096",75933,9321.18,9256.77,ns,,4.42487e+08,,,
"Alp_String_Rapid_NoStoreHash_LF85_Quadratic/Iterate/32768",7652,87581.4,86966,ns,,3.76791e+08,,,
"Alp_String_Rapid_NoStoreHash_LF85_Quadratic/Iterate/262144",736,964312,956783,ns,,2.73985e+08,,,
"Alp_String_Rapid_NoStoreHash_LF85_Quadratic/Iterate/2097152",91,7.78243e+06,7.72772e+06,ns,,2.7138e+08,,,
"Alp_String_Rapid_NoStoreHash_LF85_Quadratic/Iterate/4194304",46,1.54553e+07,1.53502e+07,ns,,2.7324e+08,,,
"Alp_String_Rapid_NoStoreHash_LF90_Linear/Insert/8",2229669,316.425,314.61,ns,,2.54283e+07,,,
"Alp_String_Rapid_NoStoreHash_LF90_Linear/Insert/64",127418,5543.8,5508.14,ns,,1.16192e+07,,,
"Alp_String_Rapid_NoStoreHash_LF90_Linear/Insert/512",13794,50714.7,50406.8,ns,,1.01574e+07,,,
"Alp_String_Rapid_NoStoreHash_LF90_Linear/Insert/4096",1634,417372,414394,ns,,9.88432e+06,,,
"Alp_String_Rapid_NoStoreHash_LF90_Linear/Insert/32768",158,4.37789e+06,4.34595e+06,ns,,7.5399e+06,,,
"Alp_String_Rapid_NoStoreHash_LF90_Linear/Insert/262144",11,6.293e+07,6.24489e+07,ns,,4.19774e+06,,,
"Alp_String_Rapid_NoStoreHash_LF90_Linear/Insert/2097152",1,1.20775e+09,1.19882e+09,ns,,1.74934e+06,,,
"Alp_String_Rapid_NoStoreHash_LF90_Linear/Insert/4194304",1,2.24773e+09,2.23078e+09,ns,,1.88019e+06,,,
"Alp_String_Rapid_NoStoreHash_LF90_Linear/LookupHit/8",4259225,167.167,166.181,ns,,4.81403e+07,,,
"Alp_String_Rapid_NoStoreHash_LF90_Linear/LookupHit/64",518456,1367.71,1359.2,ns,,4.70866e+07,,,
"Alp_String_Rapid_NoStoreHash_LF90_Linear/LookupHit/512",65488,10753.8,10685.7,ns,,4.79143e+07,,,
"Alp_String_Rapid_NoStoreHash_LF90_Linear/LookupHit/4096",7565,91180.5,90506.8,ns,,4.52563e+07,,,
"Alp_String_Rapid_NoStoreHash_LF90_Linear/LookupHit/32768",837,827779,821891,ns,,3.9869e+07,,,
"Alp_String_Rapid_NoStoreHash_LF90_Linear/LookupHit/262144",51,1.39747e+07,1.38698e+07,ns,,1.89003e+07,,,
"Alp_String_Rapid_NoStoreHash_LF90_Linear/LookupHit/2097152",3,2.07537e+08,2.05983e+08,ns,,1.01812e+07,,,
"Alp_String_Rapid_NoStoreHash_LF90_Linear/LookupHit/4194304",2,4.67754e+08,4.64042e+08,ns,,9.03863e+06,,,
"Alp_String_Rapid_NoStoreHash_LF90_Linear/LookupMiss/8",4743067,150.216,149.249,ns,,5.36017e+07,,,
"Alp_String_Rapid_NoStoreHash_LF90_Linear/LookupMiss/64",577045,1217.05,1209.73,ns,,5.29043e+07,,,
"Alp_String_Rapid_NoStoreHash_LF90_Linear/LookupMiss/512",70418,9850.24,9785.26,ns,,5.23236e+07,,,
"Alp_String_Rapid_NoStoreHash_LF90_Linear/LookupMiss/4096",8743,80941.1,80404,ns,,5.09427e+07,,,
"Alp_String_Rapid_NoStoreHash_LF90_Linear/LookupMiss/32768",987,692885,687897,ns,,4.7635e+07,,,
"Alp_String_Rapid_NoStoreHash_LF90_Linear/LookupMiss/262144",94,7.62199e+06,7.56526e+06,ns,,3.4651e+07,,,
"Alp_String_Rapid_NoStoreHash_LF90_Linear/LookupMiss/2097152",8,8.19953e+07,8.1385e+07,ns,,2.57683e+07,,,
"Alp_String_Rapid_NoStoreHash_LF90_Linear/LookupMiss/4194304",4,1.97402e+08,1.95937e+08,ns,,2.14064e+07,,,
"Alp_String_Rapid_NoStoreHash_LF90_Linear/Erase/8",859002,821.653,817.685,ns,,9.78372e+06,,,
"Alp_String_Rapid_NoStoreHash_LF90_Linear/Erase/64",262318,2679.07,2660.73,ns,,2.40536e+07,,,
"Alp_String_Rapid_NoStoreHash_LF90_Linear/Erase/512",31315,23071.2,22922.8,ns,,2.23359e+07,,,
"Alp_String_Rapid_NoStoreHash_LF90_Linear/Erase/4096",3996,175332,174158,ns,,2.35188e+07,,,
"Alp_String_Rapid_NoStoreHash_LF90_Linear/Erase/32768",500,1.45494e+06,1.44403e+06,ns,,2.26921e+07,,,
"Alp_String_Rapid_NoStoreHash_LF90_Linear/Erase/262144",35,2.14529e+07,2.1292e+07,ns,,1.23118e+07,,,
"Alp_String_Rapid_NoStoreHash_LF90_Linear/Erase/2097152",2,3.25631e+08,3.23251e+08,ns,,6.48769e+06,,,
"Alp_String_Rapid_NoStoreHash_LF90_Linear/Erase/4194304",1,7.24492e+08,7.19216e+08,ns,,5.83177e+06,,,
"Alp_String_Rapid_NoStoreHash_LF90_Linear/Iterate/8",38326949,18.7421,18.6244,ns,,4.29544e+08,,,
"Alp_String_Rapid_NoStoreHash_LF90_Linear/Iterate/64",5058295,128.9,128.133,ns,,4.99483e+08,,,
"Alp_String_Rapid_NoStoreHash_LF90_Linear/Iterate/512",679998,1041,1034.79,ns,,4.94787e+08,,,
"Alp_String_Rapid_NoStoreHash_LF90_Linear/Iterate/4096",84794,8444.43,8384.52,ns,,4.8852e+08,,,
"Alp_String_Rapid_NoStoreHash_LF90_Linear/Iterate/32768",9248,75062.3,74619.6,ns,,4.39134e+08,,,
"Alp_String_Rapid_NoStoreHash_LF90_Linear/Iterate/262144",758,931115,924945,ns,,2.83416e+08,,,
"Alp_String_Rapid_NoStoreHash_LF90_Linear/Iterate/2097152",94,7.73918e+06,7.6827e+06,ns,,2.72971e+08,,,
"Alp_String_Rapid_NoStoreHash_LF90_Linear/Iterate/4194304",47,1.51206e+07,1.50091e+07,ns,,2.79451e+08,,,
"Alp_String_Rapid_NoStoreHash_LF90_Quadratic/Insert/8",2327539,305.386,303.652,ns,,2.63459e+07,,,
"Alp_String_Rapid_NoStoreHash_LF90_Quadratic/Insert/64",126639,5590.89,5553.84,ns,,1.15236e+07,,,
"Alp_String_Rapid_NoStoreHash_LF90_Quadratic/Insert/512",10000,50635.3,50282.2,ns,,1.01825e+07,,,
"Alp_String_Rapid_NoStoreHash_LF90_Quadratic/Insert/4096",1550,416646,413782,ns,,9.89892e+06,,,
"Alp_String_Rapid_NoStoreHash_LF90_Quadratic/Insert/32768",159,4.32111e+06,4.29031e+06,ns,,7.63767e+06,,,
"Alp_String_Rapid_NoStoreHash_LF90_Quadratic/Insert/262144",11,6.28453e+07,6.23922e+07,ns,,4.20155e+06,,,
"Alp_String_Rapid_NoStoreHash_LF90_Quadratic/Insert/2097152",1,1.18147e+09,1.17271e+09,ns,,1.78829e+06,,,
"Alp_String_Rapid_NoStoreHash_LF90_Quadratic/Insert/4194304",1,2.13449e+09,2.11878e+09,ns,,1.97959e+06,,,
"Alp_String_Rapid_NoStoreHash_LF90_Quadratic/LookupHit/8",4453876,157.613,156.743,ns,,5.10388e+07,,,
"Alp_String_Rapid_NoStoreHash_LF90_Quadratic/LookupHit/64",540088,1309.93,1302.14,ns,,4.91498e+07,,,
"Alp_String_Rapid_NoStoreHash_LF90_Quadratic/LookupHit/512",68818,10332,10270,ns,,4.98542e+07,,,
"Alp_String_Rapid_NoStoreHash_LF90_Quadratic/LookupHit/4096",7225,87123.6,86529.8,ns,,4.73363e+07,,,
"Alp_String_Rapid_NoStoreHash_LF90_Quadratic/LookupHit/32768",853,829174,823075,ns,,3.98117e+07,,,
"Alp_String_Rapid_NoStoreHash_LF90_Quadratic/LookupHit/262144",48,1.36698e+07,1.35717e+07,ns,,1.93155e+07,,,
"Alp_String_Rapid_NoStoreHash_LF90_Quadratic/LookupHit/2097152",3,2.06125e+08,2.04642e+08,ns,,1.02479e+07,,,
"Alp_String_Rapid_NoStoreHash_LF90_Quadratic/LookupHit/4194304",2,4.72348e+08,4.68786e+08,ns,,8.94716e+06,,,
"Alp_String_Rapid_NoStoreHash_LF90_Quadratic/LookupMiss/8",4843655,146.022,145.146,ns,,5.51169e+07,,,
"Alp_String_Rapid_NoStoreHash_LF90_Quadratic/LookupMiss/64",592711,1188.08,1181.02,ns,,5.41906e+07,,,
"Alp_String_Rapid_NoStoreHash_LF90_Quadratic/LookupMiss/512",72524,9742.83,9684.04,ns,,5.28705e+07,,,
"Alp_String_Rapid_NoStoreHash_LF90_Quadratic/LookupMiss/4096",8823,79898.1,79362.8,ns,,5.16111e+07,,,
"Alp_String_Rapid_NoStoreHash_LF90_Quadratic/LookupMiss/32768",1053,671396,666730,ns,,4.91473e+07,,,
"Alp_String_Rapid_NoStoreHash_LF90_Quadratic/LookupMiss/262144",99,7.06373e+06,7.01043e+06,ns,,3.73934e+07,,,
"Alp_String_Rapid_NoStoreHash_LF90_Quadratic/LookupMiss/2097152",8,8.3034e+07,8.24221e+07,ns,,2.5444e+07,,,
"Alp_String_Rapid_NoStoreHash_LF90_Quadratic/LookupMiss/4194304",4,1.94721e+08,1.93267e+08,ns,,2.17022e+07,,,
"Alp_String_Rapid_NoStoreHash_LF90_Quadratic/Erase/8",881425,802.403,794.155,ns,,1.00736e+07,,,
"Alp_String_Rapid_NoStoreHash_LF90_Quadratic/Erase/64",269567,2625.12,2601.04,ns,,2.46056e+07,,,
"Alp_String_Rapid_NoStoreHash_LF90_Quadratic/Erase/512",32138,21979.9,21837,ns,,2.34464e+07,,,
"Alp_String_Rapid_NoStoreHash_LF90_Quadratic/Erase/4096",4061,175313,174034,ns,,2.35357e+07,,,
"Alp_String_Rapid_NoStoreHash_LF90_Quadratic/Erase/32768",503,1.42981e+06,1.41956e+06,ns,,2.30833e+07,,,
"Alp_String_Rapid_NoStoreHash_LF90_Quadratic/Erase/262144",34,2.18219e+07,2.16583e+07,ns,,1.21036e+07,,,
"Alp_String_Rapid_NoStoreHash_LF90_Quadratic/Erase/2097152",2,3.2841e+08,3.26051e+08,ns,,6.43198e+06,,,
"Alp_String_Rapid_NoStoreHash_LF90_Quadratic/Erase/4194304",1,7.2661e+08,7.21074e+08,ns,,5.81675e+06,,,
"Alp_String_Rapid_NoStoreHash_LF90_Quadratic/Iterate/8",38060810,18.597,18.4888,ns,,4.32695e+08,,,
"Alp_String_Rapid_NoStoreHash_LF90_Quadratic/Iterate/64",5288409,134.619,133.842,ns,,4.78177e+08,,,
"Alp_String_Rapid_NoStoreHash_LF90_Quadratic/Iterate/512",661942,1065.86,1059.82,ns,,4.831e+08,,,
"Alp_String_Rapid_NoStoreHash_LF90_Quadratic/Iterate/4096",82672,8581.14,8530.37,ns,,4.80167e+08,,,
"Alp_String_Rapid_NoStoreHash_LF90_Quadratic/Iterate/32768",8241,84368.7,83841.7,ns,,3.90832e+08,,,
"Alp_String_Rapid_NoStoreHash_LF90_Quadratic/Iterate/262144",719,984057,977363,ns,,2.68216e+08,,,
"Alp_String_Rapid_NoStoreHash_LF90_Quadratic/Iterate/2097152",88,7.9315e+06,7.87943e+06,ns,,2.66155e+08,,,
"Alp_String_Rapid_NoStoreHash_LF90_Quadratic/Iterate/4194304",44,1.58583e+07,1.57544e+07,ns,,2.66231e+08,,,